ts,mean_latency,stdev_latency,latencies,latencies_smoothed,first_order_deriv,second_order_deriv,packet_loss,bw_ratio
0.458130,0.05843516250000000324380314278,0.00001083749999999675619685722,0.058130,0.05844600,-0.00032000,-0.00039425,0.0,0.34110160904632597
0.558074,0.05843516250000000324380314278,0.00005283749999999675619685722,0.058074,0.05848800,0.00004200,0.00036200,0.0,0.3418775642848438
0.658770,0.05843516250000000324380314278,-0.00010516250000000324380314278,0.058770,0.05833000,-0.00015800,-0.00020000,0.0,0.33247738316280173
0.758346,0.05843516250000000324380314278,-0.00015716250000000324380314278,0.058346,0.05827800,-0.00005200,0.00010600,0.0,0.3381413475832697
0.857922,0.05843516250000000324380314278,-0.00011716250000000324380314278,0.057922,0.05831800,0.00004000,0.00009200,0.0,0.34400163498875946
0.958234,0.05843516250000000324380314278,-0.00019916250000000324380314278,0.058234,0.05823600,-0.00008200,-0.00012200,0.0,0.3396698551075594
1.058442,0.05843516250000000324380314278,-0.00033116250000000324380314278,0.058442,0.05810400,-0.00013200,-0.00005000,0.0,0.3368421052631579
1.157818,0.05842427500000000324319876512,-0.00026227500000000324319876512,0.057818,0.05816200,0.00005800,0.00019000,0.0,0.345470218792332
1.258154,0.05842428750000000324319945902,-0.00022628750000000324319945902,0.058154,0.05819800,0.00003600,-0.00002200,0.0,0.3407701340243754
1.358378,0.05842310000000000324313353952,-0.00025510000000000324313353952,0.058378,0.05816800,-0.00003000,-0.00006600,0.0,0.33770715460856304
1.458322,0.05842510000000000324324456182,-0.00002910000000000324324456182,0.058322,0.05839600,0.00022800,0.00025800,0.0,0.33846772571888195
1.558730,0.05842820000000000324341664639,0.00014979999999999675658335361,0.058730,0.05857800,0.00018200,-0.00004600,0.0,0.3330036006805682
1.658882,0.05842770000000000324338889080,0.00027829999999999675661110920,0.058882,0.05870600,0.00012800,-0.00005400,0.0,0.3310127826941986
1.758890,0.05843560000000000324382742890,0.00016039999999999675617257110,0.058890,0.05859600,-0.00011000,-0.00023800,0.0,0.33090866197459995
1.857882,0.05844670000000000324444360267,0.00011929999999999675555639733,0.057882,0.05856600,-0.00003000,0.00008000,0.0,0.34456499488229275
1.958610,0.05845570000000000324494320303,-0.00016370000000000324494320303,0.058610,0.05829200,-0.00027400,-0.00024400,0.0,0.3345922951536596
2.057786,0.05847530000000000324603122159,-0.00000130000000000324603122159,0.057786,0.05847400,0.00018200,0.00045600,0.0,0.34592461671256525
2.159618,0.05850750000000000324781868066,0.00018449999999999675218131934,0.059618,0.05869200,0.00021800,0.00003600,0.0,0.3217002408164826
2.258754,0.05853090000000000324911764161,0.00013709999999999675088235839,0.058754,0.05866800,-0.00002400,-0.00024200,0.0,0.33268767047475983
2.358514,0.05855850000000000325064974937,0.00024749999999999674935025063,0.058514,0.05880600,0.00013800,0.00016200,0.0,0.3358742068084767
2.458338,0.05857700000000000325167670567,-0.00006900000000000325167670567,0.058338,0.05850800,-0.00029800,-0.00043600,0.0,0.3382500703347936
2.558426,0.05857600000000000325162119452,-0.00009800000000000325162119452,0.058426,0.05847800,-0.00003000,0.00026800,0.0,0.3370579518603068
2.658634,0.05857370000000000325149351887,-0.00008570000000000325149351887,0.058634,0.05848800,0.00001000,0.00004000,0.0,0.33427334471938674
2.758554,0.05855610000000000325051652260,-0.00005610000000000325051652260,0.058554,0.05850000,0.00001200,0.00000200,0.0,0.3353388851257122
2.858386,0.05854530000000000324991700218,-0.00004730000000000324991700218,0.058386,0.05849800,-0.00000200,-0.00001400,0.0,0.3375987805367243
2.958418,0.05854070000000000324966165088,0.00008729999999999675033834912,0.058418,0.05862800,0.00013000,0.00013200,0.0,0.33716597892712635
3.059154,0.05855030000000000325019455793,0.00019769999999999674980544207,0.059154,0.05874800,0.00012000,-0.00001000,0.0,0.32750904774876444
3.159034,0.05855450000000000325042770476,0.00007549999999999674957229524,0.059034,0.05863000,-0.00011800,-0.00023800,0.0,0.3290456269304453
3.257914,0.05854960000000000325015570012,0.00020039999999999674984429988,0.057914,0.05875000,0.00012000,0.00023800,0.0,0.3441141595453244
3.358898,0.05854350000000000324981708210,-0.00000550000000000324981708210,0.058898,0.05853800,-0.00021200,-0.00033200,0.0,0.33080460673715656
3.458306,0.05853380000000000324927862394,-0.00015780000000000324927862394,0.058306,0.05837600,-0.00016200,0.00005000,0.0,0.33868566139482476
3.558386,0.05853790000000000324950621965,-0.00000590000000000324950621965,0.058386,0.05853200,0.00015600,0.00031800,0.0,0.3375987805367243
3.658538,0.05854090000000000324967275311,-0.00018690000000000324967275311,0.058538,0.05835400,-0.00017800,-0.00033400,0.0,0.3355528088991667
3.758186,0.05854140000000000324970050867,-0.00016140000000000324970050867,0.058186,0.05838000,0.00002600,0.00020400,0.0,0.3403291681831048
3.858410,0.05853250000000000324920645944,-0.00005850000000000324920645944,0.058410,0.05847400,0.00009400,0.00006800,0.0,0.33727407526149156
3.958762,0.05852670000000000324888449476,-0.00004270000000000324888449476,0.058762,0.05848400,0.00001000,-0.00008400,0.0,0.3325824935783442
4.058578,0.05851700000000000324834603659,0.00004099999999999675165396341,0.058578,0.05855800,0.00007400,0.00006400,0.0,0.33501851040961744
4.158482,0.05849520000000000324713589350,0.00009879999999999675286410650,0.058482,0.05859400,0.00003600,-0.00003800,0.0,0.33630369630369633
4.258554,0.05848810000000000324674176434,0.00005789999999999675325823566,0.058554,0.05854600,-0.00004800,-0.00008400,0.0,0.3353388851257122
4.358570,0.05846860000000000324565929687,0.00014339999999999675434070313,0.058570,0.05861200,0.00006600,0.00011400,0.0,0.33512523394257954
4.458842,0.05846520000000000324547055898,0.00012479999999999675452944102,0.058842,0.05859000,-0.00002200,-0.00008800,0.0,0.33153437069135316
4.558394,0.05848120000000000324635873739,0.00005679999999999675364126261,0.058394,0.05853800,-0.00005200,-0.00003000,0.0,0.33749047599951876
4.658346,0.05848350000000000324648641303,0.00001449999999999675351358697,0.058346,0.05849800,-0.00004000,0.00001200,0.0,0.3381413475832697
4.758410,0.05849210000000000324696380894,-0.00017010000000000324696380894,0.058410,0.05832200,-0.00017600,-0.00013600,0.0,0.33727407526149156
4.858138,0.05849540000000000324714699574,-0.00011340000000000324714699574,0.058138,0.05838200,0.00006000,0.00023600,0.0,0.3409910457436895
4.958634,0.05849220000000000324696936005,-0.00005820000000000324696936005,0.058634,0.05843400,0.00005200,-0.00000800,0.0,0.33427334471938674
5.058554,0.05848430000000000324653082195,-0.00017230000000000324653082195,0.058554,0.05831200,-0.00012200,-0.00017400,0.0,0.3353388851257122
5.157922,0.05848360000000000324649196415,0.00000439999999999675350803585,0.057922,0.05848800,0.00017600,0.00029800,0.0,0.34400163498875946
5.258842,0.05847710000000000324613114167,-0.00011710000000000324613114167,0.058842,0.05836000,-0.00012800,-0.00030400,0.0,0.33153437069135316
5.358122,0.05847760000000000324615889722,-0.00000760000000000324615889722,0.058122,0.05847000,0.00011000,0.00023800,0.0,0.3412122440705453
5.458994,0.05847120000000000324580362585,0.00022479999999999675419637415,0.058994,0.05869600,0.00022600,0.00011600,0.0,0.32956102909503854
5.558826,0.05845660000000000324499316305,0.00012139999999999675500683695,0.058826,0.05857800,-0.00011800,-0.00034400,0.0,0.3317434664354133
5.658370,0.05844340000000000324426041585,0.00008259999999999675573958415,0.058370,0.05852600,-0.00005200,0.00006600,0.0,0.3378155982820214
5.757914,0.05843470000000000324377746883,0.00001129999999999675622253117,0.057914,0.05844600,-0.00008000,-0.00002800,0.0,0.3441141595453244
5.858674,0.05844620000000000324441584708,-0.00003620000000000324441584708,0.058674,0.05841000,-0.00003600,0.00004400,0.0,0.3337431098068763
5.958682,0.05845740000000000324503757197,-0.00013140000000000324503757197,0.058682,0.05832600,-0.00008400,-0.00004800,0.0,0.33363726461843407
6.058034,0.05847180000000000324583693256,0.00007219999999999675416306744,0.058034,0.05854400,0.00021800,0.00030200,0.0,0.3424339829922285
6.158786,0.05847450000000000324598681266,-0.00001050000000000324598681266,0.058786,0.05846400,-0.00008000,-0.00029800,0.0,0.33226736152236563
6.258354,0.05846510000000000324546500784,0.00009089999999999675453499216,0.058354,0.05855600,0.00009200,0.00017200,0.0,0.33803269470217295
6.359050,0.05847030000000000324575366584,0.00001369999999999675424633416,0.059050,0.05848400,-0.00007200,-0.00016400,0.0,0.3288399171648498
6.457746,0.05846940000000000324570370579,-0.00017140000000000324570370579,0.057746,0.05829800,-0.00018600,-0.00011400,0.0,0.34649429783029356
6.558042,0.05846980000000000324572591026,-0.00019580000000000324572591026,0.058042,0.05827400,-0.00002400,0.00016200,0.0,0.34232255440309134
6.658258,0.05848020000000000324630322623,-0.00015620000000000324630322623,0.058258,0.05832400,0.00005000,0.00007400,0.0,0.3393411555985646
6.759250,0.05849130000000000324691940000,0.00006069999999999675308060000,0.059250,0.05855200,0.00022800,0.00017800,0.0,0.3262900787035242
6.858658,0.05850960000000000324793525407,0.00009639999999999675206474593,0.058658,0.05860600,0.00005400,-0.00017400,0.0,0.3339550017856434
6.958258,0.05852080000000000324855697896,0.00020119999999999675144302104,0.058258,0.05872200,0.00011600,0.00006200,0.0,0.3393411555985646
7.058722,0.05853100000000000324912319272,-0.00016500000000000324912319272,0.058722,0.05836600,-0.00035600,-0.00047200,0.0,0.3331090441321987
7.157826,0.05851960000000000324849036560,-0.00021960000000000324849036560,0.057826,0.05830000,-0.00006600,0.00029000,0.0,0.3453568057778325
7.258394,0.05850950000000000324792970297,-0.00004550000000000324792970297,0.058394,0.05846400,0.00016400,0.00023000,0.0,0.33749047599951876
7.358914,0.05849050000000000324687499109,-0.00003850000000000324687499109,0.058914,0.05845200,-0.00001200,-0.00017600,0.0,0.3305966924617983
7.458674,0.05847170000000000324583138144,0.00023229999999999675416861856,0.058674,0.05870400,0.00025200,0.00026400,0.0,0.3337431098068763
7.558834,0.05847710000000000324613114166,0.00030889999999999675386885834,0.058834,0.05878600,0.00008200,-0.00017000,0.0,0.33163888560507543
7.658722,0.05848150000000000324637539073,0.00026649999999999675362460927,0.058722,0.05874800,-0.00003800,-0.00012000,0.0,0.3331090441321987
7.758762,0.05849550000000000324715254685,0.00031649999999999675284745315,0.058762,0.05881200,0.00006400,0.00010200,0.0,0.3325824935783442
7.858930,0.05849780000000000324728022250,0.00013619999999999675271977750,0.058930,0.05863400,-0.00017800,-0.00024200,0.0,0.33038903937502456
7.958122,0.05849420000000000324708038235,0.00003579999999999675291961765,0.058122,0.05853000,-0.00010400,0.00007400,0.0,0.3412122440705453
8.058306,0.05848680000000000324666959982,-0.00017080000000000324666959982,0.058306,0.05831600,-0.00021400,-0.00011000,0.0,0.33868566139482476
8.157906,0.05849960000000000324738014257,-0.00023760000000000324738014257,0.057906,0.05826200,-0.00005400,0.00016000,0.0,0.3442267577406029
8.258714,0.05851240000000000324809068530,-0.00033640000000000324809068530,0.058714,0.05817600,-0.00008600,-0.00003200,0.0,0.33321455438096365
8.357778,0.05851130000000000324802962303,-0.00040330000000000324802962303,0.057778,0.05810800,-0.00006800,0.00001800,0.0,0.3460384030261914
8.458034,0.05850800000000000324784643624,-0.00010200000000000324784643624,0.058034,0.05840600,0.00029800,0.00036600,0.0,0.3424339829922285
8.559098,0.05848670000000000324666404871,-0.00012470000000000324666404871,0.059098,0.05836200,-0.00004400,-0.00034200,0.0,0.32822432822432823
8.658538,0.05847880000000000324622551061,0.00012519999999999675377448939,0.058538,0.05860400,0.00024200,0.00028600,0.0,0.3355528088991667
8.758746,0.05848200000000000324640314630,0.00011599999999999675359685370,0.058746,0.05859800,-0.00000600,-0.00024800,0.0,0.332792913915141
8.858010,0.05847670000000000324610893721,0.00005729999999999675389106279,0.058010,0.05853400,-0.00006400,-0.00005800,0.0,0.3427687044353032
8.958842,0.05847980000000000324628102176,0.00009419999999999675371897824,0.058842,0.05857400,0.00004000,0.00010400,0.0,0.33153437069135316
9.058698,0.05848810000000000324674176431,0.00013389999999999675325823569,0.058698,0.05862200,0.00004800,0.00000800,0.0,0.33342577552394914
9.158938,0.05848810000000000324674176431,0.00006789999999999675325823569,0.058938,0.05855600,-0.00006600,-0.00011400,0.0,0.3302853106236019
9.257746,0.05848810000000000324674176431,-0.00004610000000000324674176431,0.057746,0.05844200,-0.00011400,-0.00004800,0.0,0.34649429783029356
9.358386,0.05848810000000000324674176431,-0.00010210000000000324674176431,0.058386,0.05838600,-0.00005600,0.00005800,0.0,0.3375987805367243
9.458474,0.05848810000000000324674176431,-0.00021010000000000324674176431,0.058474,0.05827800,-0.00010800,-0.00005200,0.0,0.33641124035655756
9.558506,0.05848810000000000324674176431,0.00013989999999999675325823569,0.058506,0.05862800,0.00035000,0.00045800,0.0,0.3359814763064394
0.445654,0.04578101250000000254135670840,-0.00004376250000000254135670840,0.045654,0.04573725,0.00008325,0.00016000,0.0,0.47230484314495763
0.545987,0.04578101250000000254135670840,0.00005273749999999745864329160,0.045987,0.04583375,0.00009650,0.00001325,0.0,0.46366591372376176
0.646040,0.04578101250000000254135670840,0.00005273749999999745864329160,0.046040,0.04583375,0E-8,-0.00009650,0.0,0.4623159745110964
0.745654,0.04578101250000000254135670840,0.00005273749999999745864329160,0.045654,0.04583375,0E-8,0E-8,0.0,0.47230484314495763
0.845654,0.04578101250000000254135670840,-0.00003051250000000254135670840,0.045654,0.04575050,-0.00008325,-0.00008325,0.0,0.47230484314495763
0.945654,0.04578101250000000254135670840,-0.00001701250000000254135670840,0.045654,0.04576400,0.00001350,0.00009675,0.0,0.47230484314495763
1.046094,0.04578101250000000254135670840,0.00008498749999999745864329160,0.046094,0.04586600,0.00010200,0.00008850,0.0,0.46092338025083524
1.146062,0.04577717500000000254114368436,0.00008882499999999745885631564,0.046062,0.04586600,0E-8,-0.00010200,0.0,0.4617325945026609
1.245654,0.04577987500000000254129356447,0.00013337499999999745870643553,0.045654,0.04591325,0.00004725,0.00004725,0.0,0.47230484314495763
1.345843,0.04578257500000000254144344458,0.00002067499999999745855655542,0.045843,0.04580325,-0.00011000,-0.00015725,0.0,0.46734784540204355
1.445654,0.04578911250000000254180634873,-0.00003586250000000254180634873,0.045654,0.04575325,-0.00005000,0.00006000,0.0,0.47230484314495763
1.545862,0.04579148750000000254193818772,-0.00003823750000000254193818772,0.045862,0.04575325,0E-8,0.00005000,0.0,0.46688117164096304
1.645654,0.04578837500000000254176540927,0.00000412499999999745823459073,0.045654,0.04579250,0.00003925,0.00003925,0.0,0.47230484314495763
1.746000,0.04578526250000000254159263080,0.00000723749999999745840736920,0.046000,0.04579250,0E-8,-0.00003925,0.0,0.463308560418387
1.845654,0.04579546250000000254215884455,-0.00005496250000000254215884455,0.045654,0.04574050,-0.00005200,-0.00005200,0.0,0.47230484314495763
1.945654,0.04580982500000000254295612346,-0.00006932500000000254295612346,0.045654,0.04574050,0E-8,0.00005200,0.0,0.47230484314495763
2.045654,0.04581763750000000254338980434,-0.00016363750000000254338980434,0.045654,0.04565400,-0.00008650,-0.00008650,0.0,0.47230484314495763
2.145654,0.04582563750000000254383389355,-0.00004088750000000254383389355,0.045654,0.04578475,0.00013075,0.00021725,0.0,0.47230484314495763
2.246177,0.04582903750000000254402263146,-0.00004428750000000254402263146,0.046177,0.04578475,0E-8,-0.00013075,0.0,0.4588376403881801
2.345654,0.04583237500000000254420789994,-0.00004762500000000254420789994,0.045654,0.04578475,0E-8,0E-8,0.0,0.47230484314495763
2.445654,0.04584121250000000254469847974,-0.00005646250000000254469847974,0.045654,0.04578475,0E-8,0E-8,0.0,0.47230484314495763
2.545654,0.04584726250000000254503432220,-0.00007576250000000254503432220,0.045654,0.04577150,-0.00001325,-0.00001325,0.0,0.47230484314495763
2.646124,0.04584678750000000254500795440,-0.00007528750000000254500795440,0.046124,0.04577150,0E-8,0.00001325,0.0,0.4601673136858221
2.745654,0.04584205000000000254474497032,0.00019569999999999745525502968,0.045654,0.04603775,0.00026625,0.00026625,0.0,0.47230484314495763
2.846719,0.04583731250000000254448198624,0.00020043749999999745551801376,0.046719,0.04603775,0E-8,-0.00026625,0.0,0.4456682906163948
2.945654,0.04583517500000000254436333115,0.00008507499999999745563666885,0.045654,0.04592025,-0.00011750,-0.00011750,0.0,0.47230484314495763
3.045654,0.04583085000000000254412324542,0.00019514999999999745587675458,0.045654,0.04602600,0.00010575,0.00022325,0.0,0.47230484314495763
3.146077,0.04583085000000000254412324543,0.00010314999999999745587675457,0.046077,0.04593400,-0.00009200,-0.00019775,0.0,0.4613529218287468
3.246351,0.04582723750000000254392271139,0.00015276249999999745607728861,0.046351,0.04598000,0.00004600,0.00013800,0.0,0.4545258155109095
3.345838,0.04582362500000000254372217735,0.00015637499999999745627782265,0.045838,0.04598000,0E-8,-0.00004600,0.0,0.46747764261511965
3.445654,0.04582001250000000254352164331,0.00005423749999999745647835669,0.045654,0.04587425,-0.00010575,-0.00010575,0.0,0.47230484314495763
3.545654,0.04581640000000000254332110927,-0.00007265000000000254332110927,0.045654,0.04574375,-0.00013050,-0.00002475,0.0,0.47230484314495763
3.645829,0.04581052500000000254299498126,-0.00011277500000000254299498126,0.045829,0.04569775,-0.00004600,0.00008450,0.0,0.46771145937534736
3.745654,0.04580848750000000254288187730,-0.00011073750000000254288187730,0.045654,0.04569775,0E-8,0.00004600,0.0,0.47230484314495763
3.845654,0.04579375000000000254206378171,-0.00009600000000000254206378171,0.045654,0.04569775,0E-8,0E-8,0.0,0.47230484314495763
3.945654,0.04577972500000000254128523781,-0.00012572500000000254128523781,0.045654,0.04565400,-0.00004375,-0.00004375,0.0,0.47230484314495763
4.045654,0.04577157500000000254083282192,-0.00011757500000000254083282192,0.045654,0.04565400,0E-8,0.00004375,0.0,0.47230484314495763
4.145654,0.04575430000000000253987386678,-0.00004180000000000253987386678,0.045654,0.04571250,0.00005850,0.00005850,0.0,0.47230484314495763
4.245888,0.04574438750000000253932361250,-0.00003188750000000253932361250,0.045888,0.04571250,0E-8,-0.00005850,0.0,0.46618290588821804
4.345654,0.04573146250000000253860613087,-0.00001896250000000253860613087,0.045654,0.04571250,0E-8,0E-8,0.0,0.47230484314495763
4.445654,0.04571853750000000253788864923,-0.00000603750000000253788864923,0.045654,0.04571250,0E-8,0E-8,0.0,0.47230484314495763
4.545654,0.04571090000000000253746468281,-0.00005690000000000253746468281,0.045654,0.04565400,-0.00005850,-0.00005850,0.0,0.47230484314495763
4.645654,0.04570641250000000253721557652,0.00002433749999999746278442348,0.045654,0.04573075,0.00007675,0.00013525,0.0,0.47230484314495763
4.745961,0.04570422500000000253709414588,0.00003877499999999746290585412,0.045961,0.04574300,0.00001225,-0.00006450,0.0,0.4643054176321307
4.845703,0.04570203750000000253697271525,0.00005521249999999746302728475,0.045703,0.04575725,0.00001425,0.00000200,0.0,0.4710096261473025
4.945711,0.04569985000000000253685128461,0.00005739999999999746314871539,0.045711,0.04575725,0E-8,-0.00001425,0.0,0.47079883642873127
5.045654,0.04570355000000000253705667588,-0.00002305000000000253705667588,0.045654,0.04568050,-0.00007675,-0.00007675,0.0,0.47230484314495763
5.145654,0.04570725000000000253726206714,0.00002849999999999746273793286,0.045654,0.04573575,0.00005525,0.00013200,0.0,0.47230484314495763
5.245924,0.04570802500000000253730508828,0.00001347499999999746269491172,0.045924,0.04572150,-0.00001425,-0.00006950,0.0,0.4652551274255072
5.345654,0.04570967500000000253739668167,0.00001182499999999746260331833,0.045654,0.04572150,0E-8,0.00001425,0.0,0.47230484314495763
5.445654,0.04571045000000000253743970282,0.00001104999999999746256029718,0.045654,0.04572150,0E-8,0E-8,0.0,0.47230484314495763
5.545654,0.04571122500000000253748272396,-0.00005722500000000253748272396,0.045654,0.04565400,-0.00006750,-0.00006750,0.0,0.47230484314495763
5.645654,0.04571493750000000253768880912,-0.00006093750000000253768880912,0.045654,0.04565400,0E-8,0.00006750,0.0,0.47230484314495763
5.745654,0.04571393750000000253763329795,-0.00005993750000000253763329795,0.045654,0.04565400,0E-8,0E-8,0.0,0.47230484314495763
5.845654,0.04571030000000000253743137616,-0.00005630000000000253743137616,0.045654,0.04565400,0E-8,0E-8,0.0,0.47230484314495763
5.945654,0.04571505000000000253769505412,0.00001294999999999746230494588,0.045654,0.04572800,0.00007400,0.00007400,0.0,0.47230484314495763
6.045950,0.04571978750000000253795803819,0.00000821249999999746204196181,0.045950,0.04572800,0E-8,-0.00007400,0.0,0.46458735854264427
6.145654,0.04572836250000000253843404632,-3.6250000000253843404632E-7,0.045654,0.04572800,0E-8,0E-8,0.0,0.47230484314495763
6.245654,0.04573337500000000253871229595,0.00001212499999999746128770405,0.045654,0.04574550,0.00001750,0.00001750,0.0,0.47230484314495763
6.345724,0.04573000000000000253852494581,-0.00000200000000000253852494581,0.045724,0.04572800,-0.00001750,-0.00003500,0.0,0.4704567052378557
6.445880,0.04572662500000000253833759569,0.00000137499999999746166240431,0.045880,0.04572800,0E-8,0.00001750,0.0,0.46638958160155175
6.545654,0.04572326250000000253815093944,0.00000498749999999746184906056,0.045654,0.04572825,2.5E-7,2.5E-7,0.0,0.47230484314495763
6.645655,0.04573337500000000253871229595,-0.00002262500000000253871229595,0.045655,0.04571075,-0.00001750,-0.00001775,0.0,0.4722783389450056
6.745654,0.04574348750000000253927365246,-0.00007323750000000253927365246,0.045654,0.04567025,-0.00004050,-0.00002300,0.0,0.47230484314495763
6.845718,0.04575360000000000253983500897,0.00009864999999999746016499103,0.045718,0.04585225,0.00018200,0.00022250,0.0,0.47061455013140974
6.946382,0.04576370000000000254039567159,0.00008829999999999745960432841,0.046382,0.04585200,-2.5E-7,-0.00018225,0.0,0.4537661077263169
7.045654,0.04576000000000000254019028035,0.00009199999999999745980971965,0.045654,0.04585200,0E-8,2.5E-7,0.0,0.47230484314495763
7.145654,0.04575630000000000253998488909,0.00007969999999999746001511091,0.045654,0.04583600,-0.00001600,-0.00001600,0.0,0.47230484314495763
7.245654,0.04575502500000000253991411237,-0.00010102500000000253991411237,0.045654,0.04565400,-0.00018200,-0.00016600,0.0,0.47230484314495763
7.345654,0.04575287500000000253979476339,-0.00009887500000000253979476339,0.045654,0.04565400,0E-8,0.00018200,0.0,0.47230484314495763
7.445654,0.04575160000000000253972398669,-0.00009735000000000253972398669,0.045654,0.04565425,2.5E-7,2.5E-7,0.0,0.47230484314495763
7.545655,0.04575032500000000253965320997,0.00010592499999999746034679003,0.045655,0.04585625,0.00020200,0.00020175,0.0,0.4722783389450056
7.646462,0.04574661250000000253944712483,0.00010963749999999746055287517,0.046462,0.04585625,0E-8,-0.00020200,0.0,0.45181725452300425
7.745654,0.04574377500000000253928961195,0.00011247499999999746071038805,0.045654,0.04585625,0E-8,0E-8,0.0,0.47230484314495763
7.845654,0.04574666250000000253944990038,0.00010933749999999746055009962,0.045654,0.04585600,-2.5E-7,-2.5E-7,0.0,0.47230484314495763
7.945654,0.04574828750000000253954010600,-0.00009428750000000253954010600,0.045654,0.04565400,-0.00020200,-0.00020175,0.0,0.47230484314495763
8.045654,0.04574992500000000253963100550,-0.00009592500000000253963100550,0.045654,0.04565400,0E-8,0.00020200,0.0,0.47230484314495763
8.145654,0.04575156250000000253972190502,-0.00004906250000000253972190502,0.045654,0.04570250,0.00004850,0.00004850,0.0,0.47230484314495763
8.245848,0.04575030000000000253965182218,-0.00004780000000000253965182218,0.045848,0.04570250,0E-8,-0.00004850,0.0,0.4672181202464886
8.345654,0.04575030000000000253965182220,-0.00004780000000000253965182220,0.045654,0.04570250,0E-8,0E-8,0.0,0.47230484314495763
8.445654,0.04575030000000000253965182220,-0.00004780000000000253965182220,0.045654,0.04570250,0E-8,0E-8,0.0,0.47230484314495763
8.545654,0.04575028750000000253965112832,-0.00009628750000000253965112832,0.045654,0.04565400,-0.00004850,-0.00004850,0.0,0.47230484314495763
8.645654,0.04574017500000000253908977180,-0.00008617500000000253908977180,0.045654,0.04565400,0E-8,0.00004850,0.0,0.47230484314495763
8.745654,0.04573006250000000253852841528,-0.00000206250000000253852841528,0.045654,0.04572800,0.00007400,0.00007400,0.0,0.47230484314495763
8.845950,0.04571995000000000253796705876,0.00016479999999999746203294124,0.045950,0.04588475,0.00015675,0.00008275,0.0,0.46458735854264427
8.946281,0.04571063750000000253745011117,0.00017411249999999746254988883,0.046281,0.04588475,0E-8,-0.00015675,0.0,0.45625067765369187
9.045654,0.04571142500000000253749382620,0.00017332499999999746250617380,0.045654,0.04588475,0E-8,0E-8,0.0,0.47230484314495763
9.145654,0.04571142500000000253749382620,0.00009932499999999746250617380,0.045654,0.04581075,-0.00007400,-0.00007400,0.0,0.47230484314495763
9.245654,0.04571142500000000253749382620,-0.00005742500000000253749382620,0.045654,0.04565400,-0.00015675,-0.00008275,0.0,0.47230484314495763
9.345654,0.04571142500000000253749382620,-0.00005742500000000253749382620,0.045654,0.04565400,0E-8,0.00015675,0.0,0.47230484314495763
9.445654,0.04571142500000000253749382620,-0.00005742500000000253749382620,0.045654,0.04565400,0E-8,0E-8,0.0,0.47230484314495763
9.545654,0.04571142500000000253749382620,-0.00005742500000000253749382620,0.045654,0.04565400,0E-8,0E-8,0.0,0.47230484314495763
0.442843,0.04288017500000000238032787922,0.00000232499999999761967212078,0.042843,0.04288250,0.00003950,0.00007700,0.0,0.5127642722232376
0.543001,0.04288017500000000238032787922,0.00004982499999999761967212078,0.043001,0.04293000,0.00004750,0.00000800,0.0,0.5078752036690605
0.643033,0.04288017500000000238032787922,0.00004982499999999761967212078,0.043033,0.04293000,0E-8,-0.00004750,0.0,0.5068963440342107
0.742843,0.04288017500000000238032787922,0.00004982499999999761967212078,0.042843,0.04293000,0E-8,0E-8,0.0,0.5127642722232376
0.842843,0.04288017500000000238032787922,0.00001032499999999761967212078,0.042843,0.04289050,-0.00003950,-0.00003950,0.0,0.5127642722232376
0.942843,0.04288017500000000238032787922,-0.00002017500000000238032787922,0.042843,0.04286000,-0.00003050,0.00000900,0.0,0.5127642722232376
1.042911,0.04288017500000000238032787922,0.00002682499999999761967212078,0.042911,0.04290700,0.00004700,0.00007750,0.0,0.5106176434898677
1.143031,0.04287830000000000238022379581,0.00002869999999999761977620419,0.043031,0.04290700,0E-8,-0.00004700,0.0,0.5069268762799664
1.242843,0.04287733750000000238017036633,0.00002966249999999761982963367,0.042843,0.04290700,0E-8,0E-8,0.0,0.5127642722232376
1.342843,0.04287637500000000238011693685,0.00001362499999999761988306315,0.042843,0.04289000,-0.00001700,-0.00001700,0.0,0.5127642722232376
1.442843,0.04287728750000000238016759079,-0.00003428750000000238016759079,0.042843,0.04284300,-0.00004700,-0.00003000,0.0,0.5127642722232376
1.542843,0.04287622500000000238010861019,-0.00003322500000000238010861019,0.042843,0.04284300,0E-8,0.00004700,0.0,0.5127642722232376
1.642843,0.04287450000000000238001285345,-0.00002475000000000238001285345,0.042843,0.04284975,0.00000675,0.00000675,0.0,0.5127642722232376
1.742870,0.04287277500000000237991709673,-0.00002302500000000237991709673,0.042870,0.04284975,0E-8,-0.00000675,0.0,0.511891004196825
1.842843,0.04287577500000000238008363018,-0.00002602500000000238008363018,0.042843,0.04284975,0E-8,0E-8,0.0,0.5127642722232376
1.942843,0.04288075000000000238035979816,-0.00003100000000000238035979816,0.042843,0.04284975,0E-8,0E-8,0.0,0.5127642722232376
2.042843,0.04288462500000000238057490387,-0.00004162500000000238057490387,0.042843,0.04284300,-0.00000675,-0.00000675,0.0,0.5127642722232376
2.142843,0.04288818750000000238077266234,-0.00002693750000000238077266234,0.042843,0.04286125,0.00001825,0.00002500,0.0,0.5127642722232376
2.242916,0.04288800000000000238076225400,-0.00002675000000000238076225400,0.042916,0.04286125,0E-8,-0.00001825,0.0,0.5104937522746572
2.342843,0.04288781250000000238075184566,-0.00002656250000000238075184566,0.042843,0.04286125,0E-8,0E-8,0.0,0.5127642722232376
2.442843,0.04288847500000000238078862180,-0.00002722500000000238078862180,0.042843,0.04286125,0E-8,0E-8,0.0,0.5127642722232376
2.542843,0.04288945000000000238084274518,0.00000604999999999761915725482,0.042843,0.04289550,0.00003425,0.00003425,0.0,0.5127642722232376
2.643053,0.04288955000000000238084829630,0.00000594999999999761915170370,0.043053,0.04289550,0E-8,-0.00003425,0.0,0.5062864705528485
2.742843,0.04288931250000000238083511238,0.00010068749999999761916488762,0.042843,0.04299000,0.00009450,0.00009450,0.0,0.5127642722232376
2.843221,0.04288907500000000238082192848,0.00010092499999999761917807152,0.043221,0.04299000,0E-8,-0.00009450,0.0,0.5012208921446013
2.942843,0.04288883750000000238080874456,0.00004866249999999761919125544,0.042843,0.04293750,-0.00005250,-0.00005250,0.0,0.5127642722232376
3.042843,0.04288850000000000238079000955,0.00008974999999999761920999045,0.042843,0.04297825,0.00004075,0.00009325,0.0,0.5127642722232376
3.143006,0.04288850000000000238079000956,0.00001474999999999761920999044,0.043006,0.04290325,-0.00007500,-0.00011575,0.0,0.5076913796223683
3.242921,0.04288758750000000238073935563,0.00001566249999999761926064437,0.042921,0.04290325,0E-8,0.00007500,0.0,0.5103080281348533
3.342843,0.04288667500000000238068870170,0.00001657499999999761931129830,0.042843,0.04290325,0E-8,0E-8,0.0,0.5127642722232376
3.442843,0.04288576250000000238063804777,-0.00002326250000000238063804777,0.042843,0.04286250,-0.00004075,-0.00004075,0.0,0.5127642722232376
3.542843,0.04288485000000000238058739386,-0.00003985000000000238058739386,0.042843,0.04284500,-0.00001750,0.00002325,0.0,0.5127642722232376
3.642851,0.04288222500000000238044167709,-0.00003722500000000238044167709,0.042851,0.04284500,0E-8,0.00001750,0.0,0.5124832541712337
3.742843,0.04288078750000000238036187981,-0.00003578750000000238036187981,0.042843,0.04284500,0E-8,0E-8,0.0,0.5127642722232376
3.842843,0.04287462500000000238001979233,-0.00002962500000000238001979233,0.042843,0.04284500,0E-8,0E-8,0.0,0.5127642722232376
3.942843,0.04286846250000000237967770487,-0.00002546250000000237967770487,0.042843,0.04284300,-0.00000200,-0.00000200,0.0,0.5127642722232376
4.042843,0.04286492500000000237948133417,-0.00002192500000000237948133417,0.042843,0.04284300,0E-8,0.00000200,0.0,0.5127642722232376
4.142843,0.04285816250000000237910594002,-0.00001516250000000237910594002,0.042843,0.04284300,0E-8,0E-8,0.0,0.5127642722232376
4.242843,0.04285616250000000237899491771,-0.00001316250000000237899491771,0.042843,0.04284300,0E-8,0E-8,0.0,0.5127642722232376
4.342843,0.04285416250000000237888389542,-0.00001116250000000237888389542,0.042843,0.04284300,0E-8,0E-8,0.0,0.5127642722232376
4.442843,0.04285216250000000237877287311,-0.00000916250000000237877287311,0.042843,0.04284300,0E-8,0E-8,0.0,0.5127642722232376
4.542843,0.04285220000000000237877495478,-0.00000920000000000237877495478,0.042843,0.04284300,0E-8,0E-8,0.0,0.5127642722232376
4.642843,0.04285210000000000237876940367,0.00001464999999999762123059633,0.042843,0.04286675,0.00002375,0.00002375,0.0,0.5127642722232376
4.742938,0.04285200000000000237876385255,0.00001474999999999762123614745,0.042938,0.04286675,0E-8,-0.00002375,0.0,0.5098134237945239
4.842843,0.04285190000000000237875830143,0.00001484999999999762124169857,0.042843,0.04286675,0E-8,0E-8,0.0,0.5127642722232376
4.942843,0.04285180000000000237875275032,0.00001494999999999762124724968,0.042843,0.04286675,0E-8,0E-8,0.0,0.5127642722232376
5.042843,0.04285355000000000237884989484,-0.00001055000000000237884989484,0.042843,0.04284300,-0.00002375,-0.00002375,0.0,0.5127642722232376
5.142843,0.04285530000000000237894703934,0.00000794999999999762105296066,0.042843,0.04286325,0.00002025,0.00004400,0.0,0.5127642722232376
5.242924,0.04285705000000000237904418386,0.00000619999999999762095581614,0.042924,0.04286325,0E-8,-0.00002025,0.0,0.5102461501151934
5.342843,0.04285880000000000237914132836,0.00000444999999999762085867164,0.042843,0.04286325,0E-8,0E-8,0.0,0.5127642722232376
5.442843,0.04285966250000000237918920674,0.00000358749999999762081079326,0.042843,0.04286325,0E-8,0E-8,0.0,0.5127642722232376
5.542843,0.04286052500000000237923708512,-0.00001752500000000237923708512,0.042843,0.04284300,-0.00002025,-0.00002025,0.0,0.5127642722232376
5.642843,0.04286138750000000237928496348,-0.00001838750000000237928496348,0.042843,0.04284300,0E-8,0.00002025,0.0,0.5127642722232376
5.742843,0.04286106250000000237926692236,-0.00001806250000000237926692236,0.042843,0.04284300,0E-8,0E-8,0.0,0.5127642722232376
5.842843,0.04285987500000000237920100287,-0.00001687500000000237920100287,0.042843,0.04284300,0E-8,0E-8,0.0,0.5127642722232376
5.942843,0.04286091250000000237925859569,0.00001708749999999762074140431,0.042843,0.04287800,0.00003500,0.00003500,0.0,0.5127642722232376
6.042983,0.04286195000000000237931618851,0.00001604999999999762068381149,0.042983,0.04287800,0E-8,-0.00003500,0.0,0.5083967621118763
6.142843,0.04286417500000000237943970081,0.00001382499999999762056029919,0.042843,0.04287800,0E-8,0E-8,0.0,0.5127642722232376
6.242843,0.04286538750000000237950700809,0.00001261249999999762049299191,0.042843,0.04287800,0E-8,0E-8,0.0,0.5127642722232376
6.342843,0.04286437500000000237945080304,-0.00000412500000000237945080304,0.042843,0.04286025,-0.00001775,-0.00001775,0.0,0.5127642722232376
6.442912,0.04286336250000000237939459801,-0.00000311250000000237939459801,0.042912,0.04286025,0E-8,0.00001775,0.0,0.5106176434898677
6.542843,0.04286235000000000237933839296,-0.00000210000000000237933839296,0.042843,0.04286025,0E-8,0E-8,0.0,0.5127642722232376
6.642843,0.04286465000000000237946606862,-0.00000440000000000237946606862,0.042843,0.04286025,0E-8,0E-8,0.0,0.5127642722232376
6.742843,0.04286695000000000237959374428,-0.00002395000000000237959374428,0.042843,0.04284300,-0.00001725,-0.00001725,0.0,0.5127642722232376
6.842843,0.04286925000000000237972141993,0.00001824999999999762027858007,0.042843,0.04288750,0.00004450,0.00006175,0.0,0.5127642722232376
6.943021,0.04287155000000000237984909558,0.00001594999999999762015090442,0.043021,0.04288750,0E-8,-0.00004450,0.0,0.5072629739015128
7.042843,0.04286980000000000237975195106,0.00001769999999999762024804894,0.042843,0.04288750,0E-8,0E-8,0.0,0.5127642722232376
7.142843,0.04286805000000000237965480654,0.00001944999999999762034519346,0.042843,0.04288750,0E-8,0E-8,0.0,0.5127642722232376
7.242843,0.04286630000000000237955766203,-0.00002330000000000237955766203,0.042843,0.04284300,-0.00004450,-0.00004450,0.0,0.5127642722232376
7.342843,0.04286455000000000237946051751,-0.00002155000000000237946051751,0.042843,0.04284300,0E-8,0.00004450,0.0,0.5127642722232376
7.442843,0.04286368750000000237941263915,-0.00002068750000000237941263915,0.042843,0.04284300,0E-8,0E-8,0.0,0.5127642722232376
7.542843,0.04286282500000000237936476078,0.00002617499999999762063523922,0.042843,0.04288900,0.00004600,0.00004600,0.0,0.5127642722232376
7.643027,0.04286196250000000237931688241,0.00002703749999999762068311759,0.043027,0.04288900,0E-8,-0.00004600,0.0,0.5070795926974755
7.742843,0.04286110000000000237926900405,0.00002789999999999762073099595,0.042843,0.04288900,0E-8,0E-8,0.0,0.5127642722232376
7.842843,0.04286286250000000237936684245,0.00002613749999999762063315755,0.042843,0.04288900,0E-8,0E-8,0.0,0.5127642722232376
7.942843,0.04286240000000000237934116854,-0.00001940000000000237934116854,0.042843,0.04284300,-0.00004600,-0.00004600,0.0,0.5127642722232376
8.042843,0.04286193750000000237931549462,-0.00001893750000000237931549462,0.042843,0.04284300,0E-8,0.00004600,0.0,0.5127642722232376
8.142843,0.04286147500000000237928982071,-0.00001847500000000237928982071,0.042843,0.04284300,0E-8,0E-8,0.0,0.5127642722232376
8.242843,0.04285925000000000237916630840,-0.00001625000000000237916630840,0.042843,0.04284300,0E-8,0E-8,0.0,0.5127642722232376
8.342843,0.04285925000000000237916630839,-0.00001625000000000237916630839,0.042843,0.04284300,0E-8,0E-8,0.0,0.5127642722232376
8.442843,0.04285925000000000237916630839,-0.00001625000000000237916630839,0.042843,0.04284300,0E-8,0E-8,0.0,0.5127642722232376
8.542843,0.04285925000000000237916630839,-0.00001625000000000237916630839,0.042843,0.04284300,0E-8,0E-8,0.0,0.5127642722232376
8.642843,0.04285695000000000237903863274,-0.00001395000000000237903863274,0.042843,0.04284300,0E-8,0E-8,0.0,0.5127642722232376
8.742843,0.04285465000000000237891095710,0.00002359999999999762108904290,0.042843,0.04287825,0.00003525,0.00003525,0.0,0.5127642722232376
8.842984,0.04285235000000000237878328145,0.00002589999999999762121671855,0.042984,0.04287825,0E-8,-0.00003525,0.0,0.5083660525520991
8.942843,0.04285005000000000237865560580,0.00002819999999999762134439420,0.042843,0.04287825,0E-8,0E-8,0.0,0.5127642722232376
9.042843,0.04285005000000000237865560580,0.00002819999999999762134439420,0.042843,0.04287825,0E-8,0E-8,0.0,0.5127642722232376
9.142843,0.04285005000000000237865560580,-0.00000705000000000237865560580,0.042843,0.04284300,-0.00003525,-0.00003525,0.0,0.5127642722232376
9.242843,0.04285005000000000237865560580,-0.00000705000000000237865560580,0.042843,0.04284300,0E-8,0.00003525,0.0,0.5127642722232376
9.342843,0.04285005000000000237865560580,-0.00000705000000000237865560580,0.042843,0.04284300,0E-8,0E-8,0.0,0.5127642722232376
9.442843,0.04285005000000000237865560580,-0.00000705000000000237865560580,0.042843,0.04284300,0E-8,0E-8,0.0,0.5127642722232376
9.542843,0.04285005000000000237865560580,-0.00000705000000000237865560580,0.042843,0.04284300,0E-8,0E-8,0.0,0.5127642722232376
0.442843,0.04288017500000000238032787922,0.00000232499999999761967212078,0.042843,0.04288250,0.00003950,0.00007700,0.0,0.5127642722232376
0.543001,0.04288017500000000238032787922,0.00004982499999999761967212078,0.043001,0.04293000,0.00004750,0.00000800,0.0,0.5078752036690605
0.643033,0.04288017500000000238032787922,0.00004982499999999761967212078,0.043033,0.04293000,0E-8,-0.00004750,0.0,0.5068963440342107
0.742843,0.04288017500000000238032787922,0.00004982499999999761967212078,0.042843,0.04293000,0E-8,0E-8,0.0,0.5127642722232376
0.842843,0.04288017500000000238032787922,0.00001032499999999761967212078,0.042843,0.04289050,-0.00003950,-0.00003950,0.0,0.5127642722232376
0.942843,0.04288017500000000238032787922,-0.00002017500000000238032787922,0.042843,0.04286000,-0.00003050,0.00000900,0.0,0.5127642722232376
1.042911,0.04288017500000000238032787922,0.00002682499999999761967212078,0.042911,0.04290700,0.00004700,0.00007750,0.0,0.5106176434898677
1.143031,0.04287830000000000238022379581,0.00002869999999999761977620419,0.043031,0.04290700,0E-8,-0.00004700,0.0,0.5069268762799664
1.242843,0.04287733750000000238017036633,0.00002966249999999761982963367,0.042843,0.04290700,0E-8,0E-8,0.0,0.5127642722232376
1.342843,0.04287637500000000238011693685,0.00001362499999999761988306315,0.042843,0.04289000,-0.00001700,-0.00001700,0.0,0.5127642722232376
1.442843,0.04287728750000000238016759079,-0.00003428750000000238016759079,0.042843,0.04284300,-0.00004700,-0.00003000,0.0,0.5127642722232376
1.542843,0.04287622500000000238010861019,-0.00003322500000000238010861019,0.042843,0.04284300,0E-8,0.00004700,0.0,0.5127642722232376
1.642843,0.04287450000000000238001285345,-0.00002475000000000238001285345,0.042843,0.04284975,0.00000675,0.00000675,0.0,0.5127642722232376
1.742870,0.04287277500000000237991709673,-0.00002302500000000237991709673,0.042870,0.04284975,0E-8,-0.00000675,0.0,0.511891004196825
1.842843,0.04287577500000000238008363018,-0.00002602500000000238008363018,0.042843,0.04284975,0E-8,0E-8,0.0,0.5127642722232376
1.942843,0.04288075000000000238035979816,-0.00003100000000000238035979816,0.042843,0.04284975,0E-8,0E-8,0.0,0.5127642722232376
2.042843,0.04288462500000000238057490387,-0.00004162500000000238057490387,0.042843,0.04284300,-0.00000675,-0.00000675,0.0,0.5127642722232376
2.142843,0.04288818750000000238077266234,-0.00002693750000000238077266234,0.042843,0.04286125,0.00001825,0.00002500,0.0,0.5127642722232376
2.242916,0.04288800000000000238076225400,-0.00002675000000000238076225400,0.042916,0.04286125,0E-8,-0.00001825,0.0,0.5104937522746572
2.342843,0.04288781250000000238075184566,-0.00002656250000000238075184566,0.042843,0.04286125,0E-8,0E-8,0.0,0.5127642722232376
2.442843,0.04288847500000000238078862180,-0.00002722500000000238078862180,0.042843,0.04286125,0E-8,0E-8,0.0,0.5127642722232376
2.542843,0.04288945000000000238084274518,0.00000604999999999761915725482,0.042843,0.04289550,0.00003425,0.00003425,0.0,0.5127642722232376
2.643053,0.04288955000000000238084829630,0.00000594999999999761915170370,0.043053,0.04289550,0E-8,-0.00003425,0.0,0.5062864705528485
2.742843,0.04288931250000000238083511238,0.00010068749999999761916488762,0.042843,0.04299000,0.00009450,0.00009450,0.0,0.5127642722232376
2.843221,0.04288907500000000238082192848,0.00010092499999999761917807152,0.043221,0.04299000,0E-8,-0.00009450,0.0,0.5012208921446013
2.942843,0.04288883750000000238080874456,0.00004866249999999761919125544,0.042843,0.04293750,-0.00005250,-0.00005250,0.0,0.5127642722232376
3.042843,0.04288850000000000238079000955,0.00008974999999999761920999045,0.042843,0.04297825,0.00004075,0.00009325,0.0,0.5127642722232376
3.143006,0.04288850000000000238079000956,0.00001474999999999761920999044,0.043006,0.04290325,-0.00007500,-0.00011575,0.0,0.5076913796223683
3.242921,0.04288758750000000238073935563,0.00001566249999999761926064437,0.042921,0.04290325,0E-8,0.00007500,0.0,0.5103080281348533
3.342843,0.04288667500000000238068870170,0.00001657499999999761931129830,0.042843,0.04290325,0E-8,0E-8,0.0,0.5127642722232376
3.442843,0.04288576250000000238063804777,-0.00002326250000000238063804777,0.042843,0.04286250,-0.00004075,-0.00004075,0.0,0.5127642722232376
3.542843,0.04288485000000000238058739386,-0.00003985000000000238058739386,0.042843,0.04284500,-0.00001750,0.00002325,0.0,0.5127642722232376
3.642851,0.04288222500000000238044167709,-0.00003722500000000238044167709,0.042851,0.04284500,0E-8,0.00001750,0.0,0.5124832541712337
3.742843,0.04288078750000000238036187981,-0.00003578750000000238036187981,0.042843,0.04284500,0E-8,0E-8,0.0,0.5127642722232376
3.842843,0.04287462500000000238001979233,-0.00002962500000000238001979233,0.042843,0.04284500,0E-8,0E-8,0.0,0.5127642722232376
3.942843,0.04286846250000000237967770487,-0.00002546250000000237967770487,0.042843,0.04284300,-0.00000200,-0.00000200,0.0,0.5127642722232376
4.042843,0.04286492500000000237948133417,-0.00002192500000000237948133417,0.042843,0.04284300,0E-8,0.00000200,0.0,0.5127642722232376
4.142843,0.04285816250000000237910594002,-0.00001516250000000237910594002,0.042843,0.04284300,0E-8,0E-8,0.0,0.5127642722232376
4.242843,0.04285616250000000237899491771,-0.00001316250000000237899491771,0.042843,0.04284300,0E-8,0E-8,0.0,0.5127642722232376
4.342843,0.04285416250000000237888389542,-0.00001116250000000237888389542,0.042843,0.04284300,0E-8,0E-8,0.0,0.5127642722232376
4.442843,0.04285216250000000237877287311,-0.00000916250000000237877287311,0.042843,0.04284300,0E-8,0E-8,0.0,0.5127642722232376
4.542843,0.04285220000000000237877495478,-0.00000920000000000237877495478,0.042843,0.04284300,0E-8,0E-8,0.0,0.5127642722232376
4.642843,0.04285210000000000237876940367,0.00001464999999999762123059633,0.042843,0.04286675,0.00002375,0.00002375,0.0,0.5127642722232376
4.742938,0.04285200000000000237876385255,0.00001474999999999762123614745,0.042938,0.04286675,0E-8,-0.00002375,0.0,0.5098134237945239
4.842843,0.04285190000000000237875830143,0.00001484999999999762124169857,0.042843,0.04286675,0E-8,0E-8,0.0,0.5127642722232376
4.942843,0.04285180000000000237875275032,0.00001494999999999762124724968,0.042843,0.04286675,0E-8,0E-8,0.0,0.5127642722232376
5.042843,0.04285355000000000237884989484,-0.00001055000000000237884989484,0.042843,0.04284300,-0.00002375,-0.00002375,0.0,0.5127642722232376
5.142843,0.04285530000000000237894703934,0.00000794999999999762105296066,0.042843,0.04286325,0.00002025,0.00004400,0.0,0.5127642722232376
5.242924,0.04285705000000000237904418386,0.00000619999999999762095581614,0.042924,0.04286325,0E-8,-0.00002025,0.0,0.5102461501151934
5.342843,0.04285880000000000237914132836,0.00000444999999999762085867164,0.042843,0.04286325,0E-8,0E-8,0.0,0.5127642722232376
5.442843,0.04285966250000000237918920674,0.00000358749999999762081079326,0.042843,0.04286325,0E-8,0E-8,0.0,0.5127642722232376
5.542843,0.04286052500000000237923708512,-0.00001752500000000237923708512,0.042843,0.04284300,-0.00002025,-0.00002025,0.0,0.5127642722232376
5.642843,0.04286138750000000237928496348,-0.00001838750000000237928496348,0.042843,0.04284300,0E-8,0.00002025,0.0,0.5127642722232376
5.742843,0.04286106250000000237926692236,-0.00001806250000000237926692236,0.042843,0.04284300,0E-8,0E-8,0.0,0.5127642722232376
5.842843,0.04285987500000000237920100287,-0.00001687500000000237920100287,0.042843,0.04284300,0E-8,0E-8,0.0,0.5127642722232376
5.942843,0.04286091250000000237925859569,0.00001708749999999762074140431,0.042843,0.04287800,0.00003500,0.00003500,0.0,0.5127642722232376
6.042983,0.04286195000000000237931618851,0.00001604999999999762068381149,0.042983,0.04287800,0E-8,-0.00003500,0.0,0.5083967621118763
6.142843,0.04286417500000000237943970081,0.00001382499999999762056029919,0.042843,0.04287800,0E-8,0E-8,0.0,0.5127642722232376
6.242843,0.04286538750000000237950700809,0.00001261249999999762049299191,0.042843,0.04287800,0E-8,0E-8,0.0,0.5127642722232376
6.342843,0.04286437500000000237945080304,-0.00000412500000000237945080304,0.042843,0.04286025,-0.00001775,-0.00001775,0.0,0.5127642722232376
6.442912,0.04286336250000000237939459801,-0.00000311250000000237939459801,0.042912,0.04286025,0E-8,0.00001775,0.0,0.5106176434898677
6.542843,0.04286235000000000237933839296,-0.00000210000000000237933839296,0.042843,0.04286025,0E-8,0E-8,0.0,0.5127642722232376
6.642843,0.04286465000000000237946606862,-0.00000440000000000237946606862,0.042843,0.04286025,0E-8,0E-8,0.0,0.5127642722232376
6.742843,0.04286695000000000237959374428,-0.00002395000000000237959374428,0.042843,0.04284300,-0.00001725,-0.00001725,0.0,0.5127642722232376
6.842843,0.04286925000000000237972141993,0.00001824999999999762027858007,0.042843,0.04288750,0.00004450,0.00006175,0.0,0.5127642722232376
6.943021,0.04287155000000000237984909558,0.00001594999999999762015090442,0.043021,0.04288750,0E-8,-0.00004450,0.0,0.5072629739015128
7.042843,0.04286980000000000237975195106,0.00001769999999999762024804894,0.042843,0.04288750,0E-8,0E-8,0.0,0.5127642722232376
7.142843,0.04286805000000000237965480654,0.00001944999999999762034519346,0.042843,0.04288750,0E-8,0E-8,0.0,0.5127642722232376
7.242843,0.04286630000000000237955766203,-0.00002330000000000237955766203,0.042843,0.04284300,-0.00004450,-0.00004450,0.0,0.5127642722232376
7.342843,0.04286455000000000237946051751,-0.00002155000000000237946051751,0.042843,0.04284300,0E-8,0.00004450,0.0,0.5127642722232376
7.442843,0.04286368750000000237941263915,-0.00002068750000000237941263915,0.042843,0.04284300,0E-8,0E-8,0.0,0.5127642722232376
7.542843,0.04286282500000000237936476078,0.00002617499999999762063523922,0.042843,0.04288900,0.00004600,0.00004600,0.0,0.5127642722232376
7.643027,0.04286196250000000237931688241,0.00002703749999999762068311759,0.043027,0.04288900,0E-8,-0.00004600,0.0,0.5070795926974755
7.742843,0.04286110000000000237926900405,0.00002789999999999762073099595,0.042843,0.04288900,0E-8,0E-8,0.0,0.5127642722232376
7.842843,0.04286286250000000237936684245,0.00002613749999999762063315755,0.042843,0.04288900,0E-8,0E-8,0.0,0.5127642722232376
7.942843,0.04286240000000000237934116854,-0.00001940000000000237934116854,0.042843,0.04284300,-0.00004600,-0.00004600,0.0,0.5127642722232376
8.042843,0.04286193750000000237931549462,-0.00001893750000000237931549462,0.042843,0.04284300,0E-8,0.00004600,0.0,0.5127642722232376
8.142843,0.04286147500000000237928982071,-0.00001847500000000237928982071,0.042843,0.04284300,0E-8,0E-8,0.0,0.5127642722232376
8.242843,0.04285925000000000237916630840,-0.00001625000000000237916630840,0.042843,0.04284300,0E-8,0E-8,0.0,0.5127642722232376
8.342843,0.04285925000000000237916630839,-0.00001625000000000237916630839,0.042843,0.04284300,0E-8,0E-8,0.0,0.5127642722232376
8.442843,0.04285925000000000237916630839,-0.00001625000000000237916630839,0.042843,0.04284300,0E-8,0E-8,0.0,0.5127642722232376
8.542843,0.04285925000000000237916630839,-0.00001625000000000237916630839,0.042843,0.04284300,0E-8,0E-8,0.0,0.5127642722232376
8.642843,0.04285695000000000237903863274,-0.00001395000000000237903863274,0.042843,0.04284300,0E-8,0E-8,0.0,0.5127642722232376
8.742843,0.04285465000000000237891095710,0.00002359999999999762108904290,0.042843,0.04287825,0.00003525,0.00003525,0.0,0.5127642722232376
8.842984,0.04285235000000000237878328145,0.00002589999999999762121671855,0.042984,0.04287825,0E-8,-0.00003525,0.0,0.5083660525520991
8.942843,0.04285005000000000237865560580,0.00002819999999999762134439420,0.042843,0.04287825,0E-8,0E-8,0.0,0.5127642722232376
9.042843,0.04285005000000000237865560580,0.00002819999999999762134439420,0.042843,0.04287825,0E-8,0E-8,0.0,0.5127642722232376
9.142843,0.04285005000000000237865560580,-0.00000705000000000237865560580,0.042843,0.04284300,-0.00003525,-0.00003525,0.0,0.5127642722232376
9.242843,0.04285005000000000237865560580,-0.00000705000000000237865560580,0.042843,0.04284300,0E-8,0.00003525,0.0,0.5127642722232376
9.342843,0.04285005000000000237865560580,-0.00000705000000000237865560580,0.042843,0.04284300,0E-8,0E-8,0.0,0.5127642722232376
9.442843,0.04285005000000000237865560580,-0.00000705000000000237865560580,0.042843,0.04284300,0E-8,0E-8,0.0,0.5127642722232376
9.542843,0.04285005000000000237865560580,-0.00000705000000000237865560580,0.042843,0.04284300,0E-8,0E-8,0.0,0.5127642722232376
0.442843,0.04288017500000000238032787922,0.00000232499999999761967212078,0.042843,0.04288250,0.00003950,0.00007700,0.0,0.5127642722232376
0.543001,0.04288017500000000238032787922,0.00004982499999999761967212078,0.043001,0.04293000,0.00004750,0.00000800,0.0,0.5078752036690605
0.643033,0.04288017500000000238032787922,0.00004982499999999761967212078,0.043033,0.04293000,0E-8,-0.00004750,0.0,0.5068963440342107
0.742843,0.04288017500000000238032787922,0.00004982499999999761967212078,0.042843,0.04293000,0E-8,0E-8,0.0,0.5127642722232376
0.842843,0.04288017500000000238032787922,0.00001032499999999761967212078,0.042843,0.04289050,-0.00003950,-0.00003950,0.0,0.5127642722232376
0.942843,0.04288017500000000238032787922,-0.00002017500000000238032787922,0.042843,0.04286000,-0.00003050,0.00000900,0.0,0.5127642722232376
1.042911,0.04288017500000000238032787922,0.00002682499999999761967212078,0.042911,0.04290700,0.00004700,0.00007750,0.0,0.5106176434898677
1.143031,0.04287830000000000238022379581,0.00002869999999999761977620419,0.043031,0.04290700,0E-8,-0.00004700,0.0,0.5069268762799664
1.242843,0.04287733750000000238017036633,0.00002966249999999761982963367,0.042843,0.04290700,0E-8,0E-8,0.0,0.5127642722232376
1.342843,0.04287637500000000238011693685,0.00001362499999999761988306315,0.042843,0.04289000,-0.00001700,-0.00001700,0.0,0.5127642722232376
1.442843,0.04287728750000000238016759079,-0.00003428750000000238016759079,0.042843,0.04284300,-0.00004700,-0.00003000,0.0,0.5127642722232376
1.542843,0.04287622500000000238010861019,-0.00003322500000000238010861019,0.042843,0.04284300,0E-8,0.00004700,0.0,0.5127642722232376
1.642843,0.04287450000000000238001285345,-0.00002475000000000238001285345,0.042843,0.04284975,0.00000675,0.00000675,0.0,0.5127642722232376
1.742870,0.04287277500000000237991709673,-0.00002302500000000237991709673,0.042870,0.04284975,0E-8,-0.00000675,0.0,0.511891004196825
1.842843,0.04287577500000000238008363018,-0.00002602500000000238008363018,0.042843,0.04284975,0E-8,0E-8,0.0,0.5127642722232376
1.942843,0.04288075000000000238035979816,-0.00003100000000000238035979816,0.042843,0.04284975,0E-8,0E-8,0.0,0.5127642722232376
2.042843,0.04288462500000000238057490387,-0.00004162500000000238057490387,0.042843,0.04284300,-0.00000675,-0.00000675,0.0,0.5127642722232376
2.142843,0.04288818750000000238077266234,-0.00002693750000000238077266234,0.042843,0.04286125,0.00001825,0.00002500,0.0,0.5127642722232376
2.242916,0.04288800000000000238076225400,-0.00002675000000000238076225400,0.042916,0.04286125,0E-8,-0.00001825,0.0,0.5104937522746572
2.342843,0.04288781250000000238075184566,-0.00002656250000000238075184566,0.042843,0.04286125,0E-8,0E-8,0.0,0.5127642722232376
2.442843,0.04288847500000000238078862180,-0.00002722500000000238078862180,0.042843,0.04286125,0E-8,0E-8,0.0,0.5127642722232376
2.542843,0.04288945000000000238084274518,0.00000604999999999761915725482,0.042843,0.04289550,0.00003425,0.00003425,0.0,0.5127642722232376
2.643053,0.04288955000000000238084829630,0.00000594999999999761915170370,0.043053,0.04289550,0E-8,-0.00003425,0.0,0.5062864705528485
2.742843,0.04288931250000000238083511238,0.00010068749999999761916488762,0.042843,0.04299000,0.00009450,0.00009450,0.0,0.5127642722232376
2.843221,0.04288907500000000238082192848,0.00010092499999999761917807152,0.043221,0.04299000,0E-8,-0.00009450,0.0,0.5012208921446013
2.942843,0.04288883750000000238080874456,0.00004866249999999761919125544,0.042843,0.04293750,-0.00005250,-0.00005250,0.0,0.5127642722232376
3.042843,0.04288850000000000238079000955,0.00008974999999999761920999045,0.042843,0.04297825,0.00004075,0.00009325,0.0,0.5127642722232376
3.143006,0.04288850000000000238079000956,0.00001474999999999761920999044,0.043006,0.04290325,-0.00007500,-0.00011575,0.0,0.5076913796223683
3.242921,0.04288758750000000238073935563,0.00001566249999999761926064437,0.042921,0.04290325,0E-8,0.00007500,0.0,0.5103080281348533
3.342843,0.04288667500000000238068870170,0.00001657499999999761931129830,0.042843,0.04290325,0E-8,0E-8,0.0,0.5127642722232376
3.442843,0.04288576250000000238063804777,-0.00002326250000000238063804777,0.042843,0.04286250,-0.00004075,-0.00004075,0.0,0.5127642722232376
3.542843,0.04288485000000000238058739386,-0.00003985000000000238058739386,0.042843,0.04284500,-0.00001750,0.00002325,0.0,0.5127642722232376
3.642851,0.04288222500000000238044167709,-0.00003722500000000238044167709,0.042851,0.04284500,0E-8,0.00001750,0.0,0.5124832541712337
3.742843,0.04288078750000000238036187981,-0.00003578750000000238036187981,0.042843,0.04284500,0E-8,0E-8,0.0,0.5127642722232376
3.842843,0.04287462500000000238001979233,-0.00002962500000000238001979233,0.042843,0.04284500,0E-8,0E-8,0.0,0.5127642722232376
3.942843,0.04286846250000000237967770487,-0.00002546250000000237967770487,0.042843,0.04284300,-0.00000200,-0.00000200,0.0,0.5127642722232376
4.042843,0.04286492500000000237948133417,-0.00002192500000000237948133417,0.042843,0.04284300,0E-8,0.00000200,0.0,0.5127642722232376
4.142843,0.04285816250000000237910594002,-0.00001516250000000237910594002,0.042843,0.04284300,0E-8,0E-8,0.0,0.5127642722232376
4.242843,0.04285616250000000237899491771,-0.00001316250000000237899491771,0.042843,0.04284300,0E-8,0E-8,0.0,0.5127642722232376
4.342843,0.04285416250000000237888389542,-0.00001116250000000237888389542,0.042843,0.04284300,0E-8,0E-8,0.0,0.5127642722232376
4.442843,0.04285216250000000237877287311,-0.00000916250000000237877287311,0.042843,0.04284300,0E-8,0E-8,0.0,0.5127642722232376
4.542843,0.04285220000000000237877495478,-0.00000920000000000237877495478,0.042843,0.04284300,0E-8,0E-8,0.0,0.5127642722232376
4.642843,0.04285210000000000237876940367,0.00001464999999999762123059633,0.042843,0.04286675,0.00002375,0.00002375,0.0,0.5127642722232376
4.742938,0.04285200000000000237876385255,0.00001474999999999762123614745,0.042938,0.04286675,0E-8,-0.00002375,0.0,0.5098134237945239
4.842843,0.04285190000000000237875830143,0.00001484999999999762124169857,0.042843,0.04286675,0E-8,0E-8,0.0,0.5127642722232376
4.942843,0.04285180000000000237875275032,0.00001494999999999762124724968,0.042843,0.04286675,0E-8,0E-8,0.0,0.5127642722232376
5.042843,0.04285355000000000237884989484,-0.00001055000000000237884989484,0.042843,0.04284300,-0.00002375,-0.00002375,0.0,0.5127642722232376
5.142843,0.04285530000000000237894703934,0.00000794999999999762105296066,0.042843,0.04286325,0.00002025,0.00004400,0.0,0.5127642722232376
5.242924,0.04285705000000000237904418386,0.00000619999999999762095581614,0.042924,0.04286325,0E-8,-0.00002025,0.0,0.5102461501151934
5.342843,0.04285880000000000237914132836,0.00000444999999999762085867164,0.042843,0.04286325,0E-8,0E-8,0.0,0.5127642722232376
5.442843,0.04285966250000000237918920674,0.00000358749999999762081079326,0.042843,0.04286325,0E-8,0E-8,0.0,0.5127642722232376
5.542843,0.04286052500000000237923708512,-0.00001752500000000237923708512,0.042843,0.04284300,-0.00002025,-0.00002025,0.0,0.5127642722232376
5.642843,0.04286138750000000237928496348,-0.00001838750000000237928496348,0.042843,0.04284300,0E-8,0.00002025,0.0,0.5127642722232376
5.742843,0.04286106250000000237926692236,-0.00001806250000000237926692236,0.042843,0.04284300,0E-8,0E-8,0.0,0.5127642722232376
5.842843,0.04285987500000000237920100287,-0.00001687500000000237920100287,0.042843,0.04284300,0E-8,0E-8,0.0,0.5127642722232376
5.942843,0.04286091250000000237925859569,0.00001708749999999762074140431,0.042843,0.04287800,0.00003500,0.00003500,0.0,0.5127642722232376
6.042983,0.04286195000000000237931618851,0.00001604999999999762068381149,0.042983,0.04287800,0E-8,-0.00003500,0.0,0.5083967621118763
6.142843,0.04286417500000000237943970081,0.00001382499999999762056029919,0.042843,0.04287800,0E-8,0E-8,0.0,0.5127642722232376
6.242843,0.04286538750000000237950700809,0.00001261249999999762049299191,0.042843,0.04287800,0E-8,0E-8,0.0,0.5127642722232376
6.342843,0.04286437500000000237945080304,-0.00000412500000000237945080304,0.042843,0.04286025,-0.00001775,-0.00001775,0.0,0.5127642722232376
6.442912,0.04286336250000000237939459801,-0.00000311250000000237939459801,0.042912,0.04286025,0E-8,0.00001775,0.0,0.5106176434898677
6.542843,0.04286235000000000237933839296,-0.00000210000000000237933839296,0.042843,0.04286025,0E-8,0E-8,0.0,0.5127642722232376
6.642843,0.04286465000000000237946606862,-0.00000440000000000237946606862,0.042843,0.04286025,0E-8,0E-8,0.0,0.5127642722232376
6.742843,0.04286695000000000237959374428,-0.00002395000000000237959374428,0.042843,0.04284300,-0.00001725,-0.00001725,0.0,0.5127642722232376
6.842843,0.04286925000000000237972141993,0.00001824999999999762027858007,0.042843,0.04288750,0.00004450,0.00006175,0.0,0.5127642722232376
6.943021,0.04287155000000000237984909558,0.00001594999999999762015090442,0.043021,0.04288750,0E-8,-0.00004450,0.0,0.5072629739015128
7.042843,0.04286980000000000237975195106,0.00001769999999999762024804894,0.042843,0.04288750,0E-8,0E-8,0.0,0.5127642722232376
7.142843,0.04286805000000000237965480654,0.00001944999999999762034519346,0.042843,0.04288750,0E-8,0E-8,0.0,0.5127642722232376
7.242843,0.04286630000000000237955766203,-0.00002330000000000237955766203,0.042843,0.04284300,-0.00004450,-0.00004450,0.0,0.5127642722232376
7.342843,0.04286455000000000237946051751,-0.00002155000000000237946051751,0.042843,0.04284300,0E-8,0.00004450,0.0,0.5127642722232376
7.442843,0.04286368750000000237941263915,-0.00002068750000000237941263915,0.042843,0.04284300,0E-8,0E-8,0.0,0.5127642722232376
7.542843,0.04286282500000000237936476078,0.00002617499999999762063523922,0.042843,0.04288900,0.00004600,0.00004600,0.0,0.5127642722232376
7.643027,0.04286196250000000237931688241,0.00002703749999999762068311759,0.043027,0.04288900,0E-8,-0.00004600,0.0,0.5070795926974755
7.742843,0.04286110000000000237926900405,0.00002789999999999762073099595,0.042843,0.04288900,0E-8,0E-8,0.0,0.5127642722232376
7.842843,0.04286286250000000237936684245,0.00002613749999999762063315755,0.042843,0.04288900,0E-8,0E-8,0.0,0.5127642722232376
7.942843,0.04286240000000000237934116854,-0.00001940000000000237934116854,0.042843,0.04284300,-0.00004600,-0.00004600,0.0,0.5127642722232376
8.042843,0.04286193750000000237931549462,-0.00001893750000000237931549462,0.042843,0.04284300,0E-8,0.00004600,0.0,0.5127642722232376
8.142843,0.04286147500000000237928982071,-0.00001847500000000237928982071,0.042843,0.04284300,0E-8,0E-8,0.0,0.5127642722232376
8.242843,0.04285925000000000237916630840,-0.00001625000000000237916630840,0.042843,0.04284300,0E-8,0E-8,0.0,0.5127642722232376
8.342843,0.04285925000000000237916630839,-0.00001625000000000237916630839,0.042843,0.04284300,0E-8,0E-8,0.0,0.5127642722232376
8.442843,0.04285925000000000237916630839,-0.00001625000000000237916630839,0.042843,0.04284300,0E-8,0E-8,0.0,0.5127642722232376
8.542843,0.04285925000000000237916630839,-0.00001625000000000237916630839,0.042843,0.04284300,0E-8,0E-8,0.0,0.5127642722232376
8.642843,0.04285695000000000237903863274,-0.00001395000000000237903863274,0.042843,0.04284300,0E-8,0E-8,0.0,0.5127642722232376
8.742843,0.04285465000000000237891095710,0.00002359999999999762108904290,0.042843,0.04287825,0.00003525,0.00003525,0.0,0.5127642722232376
8.842984,0.04285235000000000237878328145,0.00002589999999999762121671855,0.042984,0.04287825,0E-8,-0.00003525,0.0,0.5083660525520991
8.942843,0.04285005000000000237865560580,0.00002819999999999762134439420,0.042843,0.04287825,0E-8,0E-8,0.0,0.5127642722232376
9.042843,0.04285005000000000237865560580,0.00002819999999999762134439420,0.042843,0.04287825,0E-8,0E-8,0.0,0.5127642722232376
9.142843,0.04285005000000000237865560580,-0.00000705000000000237865560580,0.042843,0.04284300,-0.00003525,-0.00003525,0.0,0.5127642722232376
9.242843,0.04285005000000000237865560580,-0.00000705000000000237865560580,0.042843,0.04284300,0E-8,0.00003525,0.0,0.5127642722232376
9.342843,0.04285005000000000237865560580,-0.00000705000000000237865560580,0.042843,0.04284300,0E-8,0E-8,0.0,0.5127642722232376
9.442843,0.04285005000000000237865560580,-0.00000705000000000237865560580,0.042843,0.04284300,0E-8,0E-8,0.0,0.5127642722232376
9.542843,0.04285005000000000237865560580,-0.00000705000000000237865560580,0.042843,0.04284300,0E-8,0E-8,0.0,0.5127642722232376
0.441719,0.04173721250000000231688071505,0.00000378749999999768311928495,0.041719,0.04174100,0.00002200,0.00004375,0.0,0.5309444199104157
0.541807,0.04173721250000000231688071505,0.00003153749999999768311928495,0.041807,0.04176875,0.00002775,0.00000575,0.0,0.5280130497521802
0.641830,0.04173721250000000231688071505,0.00003153749999999768311928495,0.041830,0.04176875,0E-8,-0.00002775,0.0,0.5272191943870199
0.741719,0.04173721250000000231688071505,0.00003153749999999768311928495,0.041719,0.04176875,0E-8,0E-8,0.0,0.5309444199104157
0.841719,0.04173721250000000231688071505,0.00000953749999999768311928495,0.041719,0.04174675,-0.00002200,-0.00002200,0.0,0.5309444199104157
0.941719,0.04173721250000000231688071505,-0.00001821250000000231688071505,0.041719,0.04171900,-0.00002775,-0.00000575,0.0,0.5309444199104157
1.041719,0.04173721250000000231688071505,0.00000678749999999768311928495,0.041719,0.04174400,0.00002500,0.00005275,0.0,0.5309444199104157
1.141819,0.04173612500000000231682034667,0.00000787499999999768317965333,0.041819,0.04174400,0E-8,-0.00002500,0.0,0.5276158234593442
1.241719,0.04173503750000000231675997830,0.00000896249999999768324002170,0.041719,0.04174400,0E-8,0E-8,0.0,0.5309444199104157
1.341719,0.04173395000000000231669960992,0.00001004999999999768330039008,0.041719,0.04174400,0E-8,0E-8,0.0,0.5309444199104157
1.441719,0.04173395000000000231669960992,-0.00001495000000000231669960992,0.041719,0.04171900,-0.00002500,-0.00002500,0.0,0.5309444199104157
1.541719,0.04173285000000000231663854765,-0.00001385000000000231663854765,0.041719,0.04171900,0E-8,0.00002500,0.0,0.5309444199104157
1.641719,0.04173168750000000231657401594,-0.00001268750000000231657401594,0.041719,0.04171900,0E-8,0E-8,0.0,0.5309444199104157
1.741719,0.04173052500000000231650948423,-0.00001152500000000231650948423,0.041719,0.04171900,0E-8,0E-8,0.0,0.5309444199104157
1.841719,0.04173180000000000231658026095,-0.00001280000000000231658026095,0.041719,0.04171900,0E-8,0E-8,0.0,0.5309444199104157
1.941719,0.04173417500000000231671209994,-0.00001517500000000231671209994,0.041719,0.04171900,0E-8,0E-8,0.0,0.5309444199104157
2.041719,0.04173661250000000231684740837,-0.00001761250000000231684740837,0.041719,0.04171900,0E-8,0E-8,0.0,0.5309444199104157
2.141719,0.04173853750000000231695426734,-0.00001953750000000231695426734,0.041719,0.04171900,0E-8,0E-8,0.0,0.5309444199104157
2.241719,0.04173802500000000231692581788,-0.00001902500000000231692581788,0.041719,0.04171900,0E-8,0E-8,0.0,0.5309444199104157
2.341719,0.04173751250000000231689736840,-0.00001851250000000231689736840,0.041719,0.04171900,0E-8,0E-8,0.0,0.5309444199104157
2.441719,0.04173700000000000231686891894,-0.00001800000000000231686891894,0.041719,0.04171900,0E-8,0E-8,0.0,0.5309444199104157
2.541719,0.04173700000000000231686891895,0.00000849999999999768313108105,0.041719,0.04174550,0.00002650,0.00002650,0.0,0.5309444199104157
2.641825,0.04173700000000000231686891894,0.00000849999999999768313108106,0.041825,0.04174550,0E-8,-0.00002650,0.0,0.5274174343548287
2.741719,0.04173700000000000231686891895,0.00005724999999999768313108105,0.041719,0.04179425,0.00004875,0.00004875,0.0,0.5309444199104157
2.841914,0.04173700000000000231686891894,0.00005724999999999768313108106,0.041914,0.04179425,0E-8,-0.00004875,0.0,0.5244920852548921
2.941719,0.04173700000000000231686891895,0.00003074999999999768313108105,0.041719,0.04176775,-0.00002650,-0.00002650,0.0,0.5309444199104157
3.041719,0.04173700000000000231686891894,0.00004549999999999768313108106,0.041719,0.04178250,0.00001475,0.00004125,0.0,0.5309444199104157
3.141778,0.04173700000000000231686891893,-0.00000325000000000231686891893,0.041778,0.04173375,-0.00004875,-0.00006350,0.0,0.5289754871150221
3.241719,0.04173700000000000231686891892,-0.00000325000000000231686891892,0.041719,0.04173375,0E-8,0.00004875,0.0,0.5309444199104157
3.341719,0.04173700000000000231686891893,-0.00000325000000000231686891893,0.041719,0.04173375,0E-8,0E-8,0.0,0.5309444199104157
3.441719,0.04173700000000000231686891892,-0.00001800000000000231686891892,0.041719,0.04171900,-0.00001475,-0.00001475,0.0,0.5309444199104157
3.541719,0.04173700000000000231686891893,-0.00001800000000000231686891893,0.041719,0.04171900,0E-8,0.00001475,0.0,0.5309444199104157
3.641719,0.04173567500000000231679536664,-0.00001667500000000231679536664,0.041719,0.04171900,0E-8,0E-8,0.0,0.5309444199104157
3.741719,0.04173447500000000231672875326,-0.00001547500000000231672875326,0.041719,0.04171900,0E-8,0E-8,0.0,0.5309444199104157
3.841719,0.04173083750000000231652683144,-0.00001183750000000231652683144,0.041719,0.04171900,0E-8,0E-8,0.0,0.5309444199104157
3.941719,0.04172720000000000231632490964,-0.00000820000000000231632490964,0.041719,0.04171900,0E-8,0E-8,0.0,0.5309444199104157
4.041719,0.04172488750000000231619654010,-0.00000588750000000231619654010,0.041719,0.04171900,0E-8,0E-8,0.0,0.5309444199104157
4.141719,0.04172171250000000231602029219,-0.00000271250000000231602029219,0.041719,0.04171900,0E-8,0E-8,0.0,0.5309444199104157
4.241719,0.04172103750000000231598282217,-0.00000203750000000231598282217,0.041719,0.04171900,0E-8,0E-8,0.0,0.5309444199104157
4.341719,0.04172036250000000231594535215,-0.00000136250000000231594535215,0.041719,0.04171900,0E-8,0E-8,0.0,0.5309444199104157
4.441719,0.04171968750000000231590788213,-6.8750000000231590788213E-7,0.041719,0.04171900,0E-8,0E-8,0.0,0.5309444199104157
4.541719,0.04171975000000000231591135157,-7.5000000000231591135157E-7,0.041719,0.04171900,0E-8,0E-8,0.0,0.5309444199104157
4.641719,0.04171975000000000231591135158,0.00000174999999999768408864842,0.041719,0.04172150,0.00000250,0.00000250,0.0,0.5309444199104157
4.741729,0.04171975000000000231591135157,0.00000174999999999768408864843,0.041729,0.04172150,0E-8,-0.00000250,0.0,0.5306096715213416
4.841719,0.04171975000000000231591135158,0.00000174999999999768408864842,0.041719,0.04172150,0E-8,0E-8,0.0,0.5309444199104157
4.941719,0.04171975000000000231591135157,0.00000174999999999768408864843,0.041719,0.04172150,0E-8,0E-8,0.0,0.5309444199104157
5.041719,0.04172072500000000231596547495,-0.00000172500000000231596547495,0.041719,0.04171900,-0.00000250,-0.00000250,0.0,0.5309444199104157
5.141719,0.04172170000000000231601959831,-0.00000145000000000231601959831,0.041719,0.04172025,0.00000125,0.00000375,0.0,0.5309444199104157
5.241724,0.04172267500000000231607372169,-0.00000242500000000231607372169,0.041724,0.04172025,0E-8,-0.00000125,0.0,0.5307769929364279
5.341719,0.04172365000000000231612784505,-0.00000340000000000231612784505,0.041719,0.04172025,0E-8,0E-8,0.0,0.5309444199104157
5.441719,0.04172372500000000231613200840,-0.00000347500000000231613200840,0.041719,0.04172025,0E-8,0E-8,0.0,0.5309444199104157
5.541719,0.04172380000000000231613617174,-0.00000480000000000231613617174,0.041719,0.04171900,-0.00000125,-0.00000125,0.0,0.5309444199104157
5.641719,0.04172387500000000231614033508,-0.00000487500000000231614033508,0.041719,0.04171900,0E-8,0.00000125,0.0,0.5309444199104157
5.741719,0.04172382500000000231613755952,-0.00000482500000000231613755952,0.041719,0.04171900,0E-8,0E-8,0.0,0.5309444199104157
5.841719,0.04172370000000000231613062063,-0.00000470000000000231613062063,0.041719,0.04171900,0E-8,0E-8,0.0,0.5309444199104157
5.941719,0.04172357500000000231612368173,0.00001492499999999768387631827,0.041719,0.04173850,0.00001950,0.00001950,0.0,0.5309444199104157
6.041797,0.04172345000000000231611674283,0.00001504999999999768388325717,0.041797,0.04173850,0E-8,-0.00001950,0.0,0.5283445288467575
6.141719,0.04172345000000000231611674283,0.00001504999999999768388325717,0.041719,0.04173850,0E-8,0E-8,0.0,0.5309444199104157
6.241719,0.04172338750000000231611327339,0.00001511249999999768388672661,0.041719,0.04173850,0E-8,0E-8,0.0,0.5309444199104157
6.341719,0.04172332500000000231610980394,-0.00000282500000000231610980394,0.041719,0.04172050,-0.00001800,-0.00001800,0.0,0.5309444199104157
6.441725,0.04172326250000000231610633449,-0.00000276250000000231610633449,0.041725,0.04172050,0E-8,0.00001800,0.0,0.5307435202118939
6.541719,0.04172320000000000231610286505,-0.00000270000000000231610286505,0.041719,0.04172050,0E-8,0E-8,0.0,0.5309444199104157
6.641719,0.04172320000000000231610286505,-0.00000270000000000231610286505,0.041719,0.04172050,0E-8,0E-8,0.0,0.5309444199104157
6.741719,0.04172320000000000231610286505,-0.00000420000000000231610286505,0.041719,0.04171900,-0.00000150,-0.00000150,0.0,0.5309444199104157
6.841719,0.04172320000000000231610286505,-0.00000420000000000231610286505,0.041719,0.04171900,0E-8,0.00000150,0.0,0.5309444199104157
6.941719,0.04172320000000000231610286505,-0.00000420000000000231610286505,0.041719,0.04171900,0E-8,0E-8,0.0,0.5309444199104157
7.041719,0.04172222500000000231604874167,-0.00000322500000000231604874167,0.041719,0.04171900,0E-8,0E-8,0.0,0.5309444199104157
7.141719,0.04172125000000000231599461830,-0.00000225000000000231599461830,0.041719,0.04171900,0E-8,0E-8,0.0,0.5309444199104157
7.241719,0.04172027500000000231594049492,-0.00000127500000000231594049492,0.041719,0.04171900,0E-8,0E-8,0.0,0.5309444199104157
7.341719,0.04171930000000000231588637155,-3.0000000000231588637155E-7,0.041719,0.04171900,0E-8,0E-8,0.0,0.5309444199104157
7.441719,0.04171922500000000231588220821,-2.2500000000231588220821E-7,0.041719,0.04171900,0E-8,0E-8,0.0,0.5309444199104157
7.541719,0.04171915000000000231587804488,-1.5000000000231587804488E-7,0.041719,0.04171900,0E-8,0E-8,0.0,0.5309444199104157
7.641719,0.04171907500000000231587388154,-7.500000000231587388154E-8,0.041719,0.04171900,0E-8,0E-8,0.0,0.5309444199104157
7.741719,0.04171900000000000231586971821,-2.31586971821E-18,0.041719,0.04171900,0E-8,0E-8,0.0,0.5309444199104157
7.841719,0.04171998750000000231592453547,-9.8750000000231592453547E-7,0.041719,0.04171900,0E-8,0E-8,0.0,0.5309444199104157
7.941719,0.04172097500000000231597935273,-0.00000197500000000231597935273,0.041719,0.04171900,0E-8,0E-8,0.0,0.5309444199104157
8.041719,0.04172196250000000231603416999,-0.00000296250000000231603416999,0.041719,0.04171900,0E-8,0E-8,0.0,0.5309444199104157
8.141719,0.04172295000000000231608898725,-0.00000395000000000231608898725,0.041719,0.04171900,0E-8,0E-8,0.0,0.5309444199104157
8.241719,0.04172295000000000231608898725,-0.00000395000000000231608898725,0.041719,0.04171900,0E-8,0E-8,0.0,0.5309444199104157
8.341719,0.04172295000000000231608898725,-0.00000395000000000231608898725,0.041719,0.04171900,0E-8,0E-8,0.0,0.5309444199104157
8.441719,0.04172295000000000231608898725,-0.00000395000000000231608898725,0.041719,0.04171900,0E-8,0E-8,0.0,0.5309444199104157
8.541719,0.04172295000000000231608898725,-0.00000395000000000231608898725,0.041719,0.04171900,0E-8,0E-8,0.0,0.5309444199104157
8.641719,0.04172295000000000231608898725,-0.00000395000000000231608898725,0.041719,0.04171900,0E-8,0E-8,0.0,0.5309444199104157
8.741719,0.04172295000000000231608898725,0.00001579999999999768391101275,0.041719,0.04173875,0.00001975,0.00001975,0.0,0.5309444199104157
8.841798,0.04172295000000000231608898725,0.00001579999999999768391101275,0.041798,0.04173875,0E-8,-0.00001975,0.0,0.528278199736363
8.941719,0.04172295000000000231608898725,0.00001579999999999768391101275,0.041719,0.04173875,0E-8,0E-8,0.0,0.5309444199104157
9.041719,0.04172295000000000231608898725,0.00001579999999999768391101275,0.041719,0.04173875,0E-8,0E-8,0.0,0.5309444199104157
9.141719,0.04172295000000000231608898725,-0.00000395000000000231608898725,0.041719,0.04171900,-0.00001975,-0.00001975,0.0,0.5309444199104157
9.241719,0.04172295000000000231608898725,-0.00000395000000000231608898725,0.041719,0.04171900,0E-8,0.00001975,0.0,0.5309444199104157
9.341719,0.04172295000000000231608898725,-0.00000395000000000231608898725,0.041719,0.04171900,0E-8,0E-8,0.0,0.5309444199104157
9.441719,0.04172295000000000231608898725,-0.00000395000000000231608898725,0.041719,0.04171900,0E-8,0E-8,0.0,0.5309444199104157
9.541719,0.04172295000000000231608898725,-0.00000395000000000231608898725,0.041719,0.04171900,0E-8,0E-8,0.0,0.5309444199104157
0.441157,0.04116811250000000228528931890,0.00000213749999999771471068110,0.041157,0.04117025,0.00001325,0.00002700,0.0,0.5405266538214515
0.541210,0.04116811250000000228528931890,0.00002013749999999771471068110,0.041210,0.04118825,0.00001800,0.00000475,0.0,0.5386929526979453
0.641229,0.04116811250000000228528931890,0.00002013749999999771471068110,0.041229,0.04118825,0E-8,-0.00001800,0.0,0.5380386139879811
0.741157,0.04116811250000000228528931890,0.00002013749999999771471068110,0.041157,0.04118825,0E-8,0E-8,0.0,0.5405266538214515
0.841157,0.04116811250000000228528931890,0.00000688749999999771471068110,0.041157,0.04117500,-0.00001325,-0.00001325,0.0,0.5405266538214515
0.941157,0.04116811250000000228528931890,-0.00001111250000000228528931890,0.041157,0.04115700,-0.00001800,-0.00000475,0.0,0.5405266538214515
1.041157,0.04116811250000000228528931890,0.00000288749999999771471068110,0.041157,0.04117100,0.00001400,0.00003200,0.0,0.5405266538214515
1.141213,0.04116742500000000228525115498,0.00000357499999999771474884502,0.041213,0.04117100,0E-8,-0.00001400,0.0,0.5385895302700627
1.241157,0.04116673750000000228521299106,0.00000426249999999771478700894,0.041157,0.04117100,0E-8,0E-8,0.0,0.5405266538214515
1.341157,0.04116605000000000228517482714,0.00000494999999999771482517286,0.041157,0.04117100,0E-8,0E-8,0.0,0.5405266538214515
1.441157,0.04116605000000000228517482714,-0.00000905000000000228517482714,0.041157,0.04115700,-0.00001400,-0.00001400,0.0,0.5405266538214515
1.541157,0.04116538750000000228513805100,-0.00000838750000000228513805100,0.041157,0.04115700,0E-8,0.00001400,0.0,0.5405266538214515
1.641157,0.04116450000000000228508878486,-0.00000750000000000228508878486,0.041157,0.04115700,0E-8,0E-8,0.0,0.5405266538214515
1.741157,0.04116361250000000228503951871,-0.00000661250000000228503951871,0.041157,0.04115700,0E-8,0E-8,0.0,0.5405266538214515
1.841157,0.04116401250000000228506172317,-0.00000701250000000228506172317,0.041157,0.04115700,0E-8,0E-8,0.0,0.5405266538214515
1.941157,0.04116507500000000228512070377,-0.00000807500000000228512070377,0.041157,0.04115700,0E-8,0E-8,0.0,0.5405266538214515
2.041157,0.04116636250000000228519217438,-0.00000936250000000228519217438,0.041157,0.04115700,0E-8,0E-8,0.0,0.5405266538214515
2.141157,0.04116710000000000228523311385,-0.00001010000000000228523311385,0.041157,0.04115700,0E-8,0E-8,0.0,0.5405266538214515
2.241157,0.04116655000000000228520258272,-0.00000955000000000228520258272,0.041157,0.04115700,0E-8,0E-8,0.0,0.5405266538214515
2.341157,0.04116600000000000228517205158,-0.00000900000000000228517205158,0.041157,0.04115700,0E-8,0E-8,0.0,0.5405266538214515
2.441157,0.04116545000000000228514152044,-0.00000845000000000228514152044,0.041157,0.04115700,0E-8,0E-8,0.0,0.5405266538214515
2.541157,0.04116545000000000228514152044,0.00000504999999999771485847956,0.041157,0.04117050,0.00001350,0.00001350,0.0,0.5405266538214515
2.641211,0.04116545000000000228514152044,0.00000504999999999771485847956,0.041211,0.04117050,0E-8,-0.00001350,0.0,0.5386584741423451
2.741157,0.04116545000000000228514152044,0.00003079999999999771485847956,0.041157,0.04119625,0.00002575,0.00002575,0.0,0.5405266538214515
2.841260,0.04116545000000000228514152044,0.00003079999999999771485847956,0.041260,0.04119625,0E-8,-0.00002575,0.0,0.5369401556718132
2.941157,0.04116545000000000228514152044,0.00001729999999999771485847956,0.041157,0.04118275,-0.00001350,-0.00001350,0.0,0.5405266538214515
3.041157,0.04116545000000000228514152044,0.00002029999999999771485847956,0.041157,0.04118575,0.00000300,0.00001650,0.0,0.5405266538214515
3.141169,0.04116545000000000228514152044,-0.00000545000000000228514152044,0.041169,0.04116000,-0.00002575,-0.00002875,0.0,0.5400757235448886
3.241157,0.04116545000000000228514152044,-0.00000545000000000228514152044,0.041157,0.04116000,0E-8,0.00002575,0.0,0.5405266538214515
3.341157,0.04116545000000000228514152043,-0.00000545000000000228514152043,0.041157,0.04116000,0E-8,0E-8,0.0,0.5405266538214515
3.441157,0.04116545000000000228514152043,-0.00000845000000000228514152043,0.041157,0.04115700,-0.00000300,-0.00000300,0.0,0.5405266538214515
3.541157,0.04116545000000000228514152043,-0.00000845000000000228514152043,0.041157,0.04115700,0E-8,0.00000300,0.0,0.5405266538214515
3.641157,0.04116477500000000228510405040,-0.00000777500000000228510405040,0.041157,0.04115700,0E-8,0E-8,0.0,0.5405266538214515
3.741157,0.04116410000000000228506658038,-0.00000710000000000228506658038,0.041157,0.04115700,0E-8,0E-8,0.0,0.5405266538214515
3.841157,0.04116213750000000228495763974,-0.00000513750000000228495763974,0.041157,0.04115700,0E-8,0E-8,0.0,0.5405266538214515
3.941157,0.04116017500000000228484869911,-0.00000317500000000228484869911,0.041157,0.04115700,0E-8,0E-8,0.0,0.5405266538214515
4.041157,0.04115888750000000228477722850,-0.00000188750000000228477722850,0.041157,0.04115700,0E-8,0E-8,0.0,0.5405266538214515
4.141157,0.04115745000000000228469743122,-4.5000000000228469743122E-7,0.041157,0.04115700,0E-8,0E-8,0.0,0.5405266538214515
4.241157,0.04115730000000000228468910455,-3.0000000000228468910455E-7,0.041157,0.04115700,0E-8,0E-8,0.0,0.5405266538214515
4.341157,0.04115715000000000228468077788,-1.5000000000228468077788E-7,0.041157,0.04115700,0E-8,0E-8,0.0,0.5405266538214515
4.441157,0.04115700000000000228467245120,-2.28467245120E-18,0.041157,0.04115700,0E-8,0E-8,0.0,0.5405266538214515
4.541157,0.04115700000000000228467245120,-2.28467245120E-18,0.041157,0.04115700,0E-8,0E-8,0.0,0.5405266538214515
4.641157,0.04115700000000000228467245120,-2.28467245120E-18,0.041157,0.04115700,0E-8,0E-8,0.0,0.5405266538214515
4.741157,0.04115700000000000228467245120,-2.28467245120E-18,0.041157,0.04115700,0E-8,0E-8,0.0,0.5405266538214515
4.841157,0.04115700000000000228467245120,-2.28467245120E-18,0.041157,0.04115700,0E-8,0E-8,0.0,0.5405266538214515
4.941157,0.04115700000000000228467245120,-2.28467245120E-18,0.041157,0.04115700,0E-8,0E-8,0.0,0.5405266538214515
5.041157,0.04115757500000000228470437011,-5.7500000000228470437011E-7,0.041157,0.04115700,0E-8,0E-8,0.0,0.5405266538214515
5.141157,0.04115815000000000228473628902,-0.00000115000000000228473628902,0.041157,0.04115700,0E-8,0E-8,0.0,0.5405266538214515
5.241157,0.04115872500000000228476820793,-0.00000172500000000228476820793,0.041157,0.04115700,0E-8,0E-8,0.0,0.5405266538214515
5.341157,0.04115930000000000228480012684,-0.00000230000000000228480012684,0.041157,0.04115700,0E-8,0E-8,0.0,0.5405266538214515
5.441157,0.04115930000000000228480012684,-0.00000230000000000228480012684,0.041157,0.04115700,0E-8,0E-8,0.0,0.5405266538214515
5.541157,0.04115930000000000228480012684,-0.00000230000000000228480012684,0.041157,0.04115700,0E-8,0E-8,0.0,0.5405266538214515
5.641157,0.04115930000000000228480012684,-0.00000230000000000228480012684,0.041157,0.04115700,0E-8,0E-8,0.0,0.5405266538214515
5.741157,0.04115930000000000228480012684,-0.00000230000000000228480012684,0.041157,0.04115700,0E-8,0E-8,0.0,0.5405266538214515
5.841157,0.04115930000000000228480012684,-0.00000230000000000228480012684,0.041157,0.04115700,0E-8,0E-8,0.0,0.5405266538214515
5.941157,0.04115930000000000228480012684,0.00000919999999999771519987316,0.041157,0.04116850,0.00001150,0.00001150,0.0,0.5405266538214515
6.041203,0.04115930000000000228480012684,0.00000919999999999771519987316,0.041203,0.04116850,0E-8,-0.00001150,0.0,0.5388999167573798
6.141157,0.04115930000000000228480012684,0.00000919999999999771519987316,0.041157,0.04116850,0E-8,0E-8,0.0,0.5405266538214515
6.241157,0.04115930000000000228480012684,0.00000919999999999771519987316,0.041157,0.04116850,0E-8,0E-8,0.0,0.5405266538214515
6.341157,0.04115930000000000228480012684,-0.00000230000000000228480012684,0.041157,0.04115700,-0.00001150,-0.00001150,0.0,0.5405266538214515
6.441157,0.04115930000000000228480012684,-0.00000230000000000228480012684,0.041157,0.04115700,0E-8,0.00001150,0.0,0.5405266538214515
6.541157,0.04115930000000000228480012685,-0.00000230000000000228480012685,0.041157,0.04115700,0E-8,0E-8,0.0,0.5405266538214515
6.641157,0.04115930000000000228480012685,-0.00000230000000000228480012685,0.041157,0.04115700,0E-8,0E-8,0.0,0.5405266538214515
6.741157,0.04115930000000000228480012685,-0.00000230000000000228480012685,0.041157,0.04115700,0E-8,0E-8,0.0,0.5405266538214515
6.841157,0.04115930000000000228480012685,-0.00000230000000000228480012685,0.041157,0.04115700,0E-8,0E-8,0.0,0.5405266538214515
6.941157,0.04115930000000000228480012685,-0.00000230000000000228480012685,0.041157,0.04115700,0E-8,0E-8,0.0,0.5405266538214515
7.041157,0.04115872500000000228476820794,-0.00000172500000000228476820794,0.041157,0.04115700,0E-8,0E-8,0.0,0.5405266538214515
7.141157,0.04115815000000000228473628903,-0.00000115000000000228473628903,0.041157,0.04115700,0E-8,0E-8,0.0,0.5405266538214515
7.241157,0.04115757500000000228470437012,-5.7500000000228470437012E-7,0.041157,0.04115700,0E-8,0E-8,0.0,0.5405266538214515
7.341157,0.04115700000000000228467245120,-2.28467245120E-18,0.041157,0.04115700,0E-8,0E-8,0.0,0.5405266538214515
7.441157,0.04115700000000000228467245120,-2.28467245120E-18,0.041157,0.04115700,0E-8,0E-8,0.0,0.5405266538214515
7.541157,0.04115700000000000228467245120,-2.28467245120E-18,0.041157,0.04115700,0E-8,0E-8,0.0,0.5405266538214515
7.641157,0.04115700000000000228467245120,-2.28467245120E-18,0.041157,0.04115700,0E-8,0E-8,0.0,0.5405266538214515
7.741157,0.04115700000000000228467245120,-2.28467245120E-18,0.041157,0.04115700,0E-8,0E-8,0.0,0.5405266538214515
7.841157,0.04115760000000000228470575789,-6.0000000000228470575789E-7,0.041157,0.04115700,0E-8,0E-8,0.0,0.5405266538214515
7.941157,0.04115820000000000228473906458,-0.00000120000000000228473906458,0.041157,0.04115700,0E-8,0E-8,0.0,0.5405266538214515
8.041157,0.04115880000000000228477237127,-0.00000180000000000228477237127,0.041157,0.04115700,0E-8,0E-8,0.0,0.5405266538214515
8.141157,0.04115940000000000228480567796,-0.00000240000000000228480567796,0.041157,0.04115700,0E-8,0E-8,0.0,0.5405266538214515
8.241157,0.04115940000000000228480567796,-0.00000240000000000228480567796,0.041157,0.04115700,0E-8,0E-8,0.0,0.5405266538214515
8.341157,0.04115940000000000228480567796,-0.00000240000000000228480567796,0.041157,0.04115700,0E-8,0E-8,0.0,0.5405266538214515
8.441157,0.04115940000000000228480567796,-0.00000240000000000228480567796,0.041157,0.04115700,0E-8,0E-8,0.0,0.5405266538214515
8.541157,0.04115940000000000228480567796,-0.00000240000000000228480567796,0.041157,0.04115700,0E-8,0E-8,0.0,0.5405266538214515
8.641157,0.04115940000000000228480567796,-0.00000240000000000228480567796,0.041157,0.04115700,0E-8,0E-8,0.0,0.5405266538214515
8.741157,0.04115940000000000228480567796,0.00000959999999999771519432204,0.041157,0.04116900,0.00001200,0.00001200,0.0,0.5405266538214515
8.841205,0.04115940000000000228480567796,0.00000959999999999771519432204,0.041205,0.04116900,0E-8,-0.00001200,0.0,0.5388309110698509
8.941157,0.04115940000000000228480567796,0.00000959999999999771519432204,0.041157,0.04116900,0E-8,0E-8,0.0,0.5405266538214515
9.041157,0.04115940000000000228480567796,0.00000959999999999771519432204,0.041157,0.04116900,0E-8,0E-8,0.0,0.5405266538214515
9.141157,0.04115940000000000228480567796,-0.00000240000000000228480567796,0.041157,0.04115700,-0.00001200,-0.00001200,0.0,0.5405266538214515
9.241157,0.04115940000000000228480567796,-0.00000240000000000228480567796,0.041157,0.04115700,0E-8,0.00001200,0.0,0.5405266538214515
9.341157,0.04115940000000000228480567796,-0.00000240000000000228480567796,0.041157,0.04115700,0E-8,0E-8,0.0,0.5405266538214515
9.441157,0.04115940000000000228480567796,-0.00000240000000000228480567796,0.041157,0.04115700,0E-8,0E-8,0.0,0.5405266538214515
9.541157,0.04115940000000000228480567796,-0.00000240000000000228480567796,0.041157,0.04115700,0E-8,0E-8,0.0,0.5405266538214515
0.440835,0.04084222500000000226719892865,0.00000127499999999773280107135,0.040835,0.04084350,0.00000850,0.00001800,0.0,0.5461743137127653
0.540869,0.04084222500000000226719892865,0.00001377499999999773280107135,0.040869,0.04085600,0.00001250,0.00000400,0.0,0.5449718318979473
0.640885,0.04084222500000000226719892865,0.00001377499999999773280107135,0.040885,0.04085600,0E-8,-0.00001250,0.0,0.5444077883433598
0.740835,0.04084222500000000226719892865,0.00001377499999999773280107135,0.040835,0.04085600,0E-8,0E-8,0.0,0.5461743137127653
0.840835,0.04084222500000000226719892865,0.00000527499999999773280107135,0.040835,0.04084750,-0.00000850,-0.00000850,0.0,0.5461743137127653
0.940835,0.04084222500000000226719892865,-0.00000722500000000226719892865,0.040835,0.04083500,-0.00001250,-0.00000400,0.0,0.5461743137127653
1.040835,0.04084222500000000226719892865,7.7499999999773280107135E-7,0.040835,0.04084300,0.00000800,0.00002050,0.0,0.5461743137127653
1.140867,0.04084175000000000226717256084,0.00000124999999999773282743916,0.040867,0.04084300,0E-8,-0.00000800,0.0,0.5450424195324137
1.240835,0.04084127500000000226714619305,0.00000172499999999773285380695,0.040835,0.04084300,0E-8,0E-8,0.0,0.5461743137127653
1.340835,0.04084080000000000226711982526,0.00000219999999999773288017474,0.040835,0.04084300,0E-8,0E-8,0.0,0.5461743137127653
1.440835,0.04084080000000000226711982526,-0.00000580000000000226711982526,0.040835,0.04083500,-0.00000800,-0.00000800,0.0,0.5461743137127653
1.540835,0.04084037500000000226709623302,-0.00000537500000000226709623302,0.040835,0.04083500,0E-8,0.00000800,0.0,0.5461743137127653
1.640835,0.04083963750000000226705529354,-0.00000463750000000226705529354,0.040835,0.04083500,0E-8,0E-8,0.0,0.5461743137127653
1.740835,0.04083890000000000226701435406,-0.00000390000000000226701435406,0.040835,0.04083500,0E-8,0E-8,0.0,0.5461743137127653
1.840835,0.04083881250000000226700949683,-0.00000381250000000226700949683,0.040835,0.04083500,0E-8,0E-8,0.0,0.5461743137127653
1.940835,0.04083915000000000226702823184,-0.00000415000000000226702823184,0.040835,0.04083500,0E-8,0E-8,0.0,0.5461743137127653
2.040835,0.04083980000000000226706431408,-0.00000480000000000226706431408,0.040835,0.04083500,0E-8,0E-8,0.0,0.5461743137127653
2.140835,0.04084005000000000226707819188,-0.00000505000000000226707819188,0.040835,0.04083500,0E-8,0E-8,0.0,0.5461743137127653
2.240835,0.04083965000000000226705598741,-0.00000465000000000226705598741,0.040835,0.04083500,0E-8,0E-8,0.0,0.5461743137127653
2.340835,0.04083925000000000226703378296,-0.00000425000000000226703378296,0.040835,0.04083500,0E-8,0E-8,0.0,0.5461743137127653
2.440835,0.04083885000000000226701157849,-0.00000385000000000226701157849,0.040835,0.04083500,0E-8,0E-8,0.0,0.5461743137127653
2.540835,0.04083885000000000226701157850,0.00000239999999999773298842150,0.040835,0.04084125,0.00000625,0.00000625,0.0,0.5461743137127653
2.640860,0.04083885000000000226701157849,0.00000239999999999773298842151,0.040860,0.04084125,0E-8,-0.00000625,0.0,0.5452896203187767
2.740835,0.04083885000000000226701157850,0.00001539999999999773298842150,0.040835,0.04085425,0.00001300,0.00001300,0.0,0.5461743137127653
2.840887,0.04083885000000000226701157849,0.00001539999999999773298842151,0.040887,0.04085425,0E-8,-0.00001300,0.0,0.54433736498286
2.940835,0.04083885000000000226701157850,0.00000914999999999773298842150,0.040835,0.04084800,-0.00000625,-0.00000625,0.0,0.5461743137127653
3.040835,0.04083885000000000226701157849,0.00000914999999999773298842151,0.040835,0.04084800,0E-8,0.00000625,0.0,0.5461743137127653
3.140835,0.04083885000000000226701157850,-0.00000385000000000226701157850,0.040835,0.04083500,-0.00001300,-0.00001300,0.0,0.5461743137127653
3.240835,0.04083885000000000226701157851,-0.00000385000000000226701157851,0.040835,0.04083500,0E-8,0.00001300,0.0,0.5461743137127653
3.340835,0.04083885000000000226701157850,-0.00000385000000000226701157850,0.040835,0.04083500,0E-8,0E-8,0.0,0.5461743137127653
3.440835,0.04083885000000000226701157851,-0.00000385000000000226701157851,0.040835,0.04083500,0E-8,0E-8,0.0,0.5461743137127653
3.540835,0.04083885000000000226701157852,-0.00000385000000000226701157852,0.040835,0.04083500,0E-8,0E-8,0.0,0.5461743137127653
3.640835,0.04083853750000000226699423128,-0.00000353750000000226699423128,0.040835,0.04083500,0E-8,0E-8,0.0,0.5461743137127653
3.740835,0.04083822500000000226697688404,-0.00000322500000000226697688404,0.040835,0.04083500,0E-8,0E-8,0.0,0.5461743137127653
3.840835,0.04083726250000000226692345456,-0.00000226250000000226692345456,0.040835,0.04083500,0E-8,0E-8,0.0,0.5461743137127653
3.940835,0.04083630000000000226687002508,-0.00000130000000000226687002508,0.040835,0.04083500,0E-8,0E-8,0.0,0.5461743137127653
4.040835,0.04083565000000000226683394283,-6.5000000000226683394283E-7,0.040835,0.04083500,0E-8,0E-8,0.0,0.5461743137127653
4.140835,0.04083500000000000226679786058,-2.26679786058E-18,0.040835,0.04083500,0E-8,0E-8,0.0,0.5461743137127653
4.240835,0.04083500000000000226679786058,-2.26679786058E-18,0.040835,0.04083500,0E-8,0E-8,0.0,0.5461743137127653
4.340835,0.04083500000000000226679786058,-2.26679786058E-18,0.040835,0.04083500,0E-8,0E-8,0.0,0.5461743137127653
4.440835,0.04083500000000000226679786058,-2.26679786058E-18,0.040835,0.04083500,0E-8,0E-8,0.0,0.5461743137127653
4.540835,0.04083500000000000226679786058,-2.26679786058E-18,0.040835,0.04083500,0E-8,0E-8,0.0,0.5461743137127653
4.640835,0.04083500000000000226679786058,-2.26679786058E-18,0.040835,0.04083500,0E-8,0E-8,0.0,0.5461743137127653
4.740835,0.04083500000000000226679786058,-2.26679786058E-18,0.040835,0.04083500,0E-8,0E-8,0.0,0.5461743137127653
4.840835,0.04083500000000000226679786058,-2.26679786058E-18,0.040835,0.04083500,0E-8,0E-8,0.0,0.5461743137127653
4.940835,0.04083500000000000226679786058,-2.26679786058E-18,0.040835,0.04083500,0E-8,0E-8,0.0,0.5461743137127653
5.040835,0.04083536250000000226681798337,-3.6250000000226681798337E-7,0.040835,0.04083500,0E-8,0E-8,0.0,0.5461743137127653
5.140835,0.04083572500000000226683810616,-7.2500000000226683810616E-7,0.040835,0.04083500,0E-8,0E-8,0.0,0.5461743137127653
5.240835,0.04083608750000000226685822895,-0.00000108750000000226685822895,0.040835,0.04083500,0E-8,0E-8,0.0,0.5461743137127653
5.340835,0.04083645000000000226687835174,-0.00000145000000000226687835174,0.040835,0.04083500,0E-8,0E-8,0.0,0.5461743137127653
5.440835,0.04083645000000000226687835174,-0.00000145000000000226687835174,0.040835,0.04083500,0E-8,0E-8,0.0,0.5461743137127653
5.540835,0.04083645000000000226687835174,-0.00000145000000000226687835174,0.040835,0.04083500,0E-8,0E-8,0.0,0.5461743137127653
5.640835,0.04083645000000000226687835174,-0.00000145000000000226687835174,0.040835,0.04083500,0E-8,0E-8,0.0,0.5461743137127653
5.740835,0.04083645000000000226687835174,-0.00000145000000000226687835174,0.040835,0.04083500,0E-8,0E-8,0.0,0.5461743137127653
5.840835,0.04083645000000000226687835174,-0.00000145000000000226687835174,0.040835,0.04083500,0E-8,0E-8,0.0,0.5461743137127653
5.940835,0.04083645000000000226687835174,0.00000579999999999773312164826,0.040835,0.04084225,0.00000725,0.00000725,0.0,0.5461743137127653
6.040864,0.04083645000000000226687835174,0.00000579999999999773312164826,0.040864,0.04084225,0E-8,-0.00000725,0.0,0.5451483352765902
6.140835,0.04083645000000000226687835174,0.00000579999999999773312164826,0.040835,0.04084225,0E-8,0E-8,0.0,0.5461743137127653
6.240835,0.04083645000000000226687835174,0.00000579999999999773312164826,0.040835,0.04084225,0E-8,0E-8,0.0,0.5461743137127653
6.340835,0.04083645000000000226687835174,-0.00000145000000000226687835174,0.040835,0.04083500,-0.00000725,-0.00000725,0.0,0.5461743137127653
6.440835,0.04083645000000000226687835174,-0.00000145000000000226687835174,0.040835,0.04083500,0E-8,0.00000725,0.0,0.5461743137127653
6.540835,0.04083645000000000226687835174,-0.00000145000000000226687835174,0.040835,0.04083500,0E-8,0E-8,0.0,0.5461743137127653
6.640835,0.04083645000000000226687835175,-0.00000145000000000226687835175,0.040835,0.04083500,0E-8,0E-8,0.0,0.5461743137127653
6.740835,0.04083645000000000226687835175,-0.00000145000000000226687835175,0.040835,0.04083500,0E-8,0E-8,0.0,0.5461743137127653
6.840835,0.04083645000000000226687835175,-0.00000145000000000226687835175,0.040835,0.04083500,0E-8,0E-8,0.0,0.5461743137127653
6.940835,0.04083645000000000226687835175,-0.00000145000000000226687835175,0.040835,0.04083500,0E-8,0E-8,0.0,0.5461743137127653
7.040835,0.04083608750000000226685822896,-0.00000108750000000226685822896,0.040835,0.04083500,0E-8,0E-8,0.0,0.5461743137127653
7.140835,0.04083572500000000226683810617,-7.2500000000226683810617E-7,0.040835,0.04083500,0E-8,0E-8,0.0,0.5461743137127653
7.240835,0.04083536250000000226681798337,-3.6250000000226681798337E-7,0.040835,0.04083500,0E-8,0E-8,0.0,0.5461743137127653
7.340835,0.04083500000000000226679786058,-2.26679786058E-18,0.040835,0.04083500,0E-8,0E-8,0.0,0.5461743137127653
7.440835,0.04083500000000000226679786058,-2.26679786058E-18,0.040835,0.04083500,0E-8,0E-8,0.0,0.5461743137127653
7.540835,0.04083500000000000226679786058,-2.26679786058E-18,0.040835,0.04083500,0E-8,0E-8,0.0,0.5461743137127653
7.640835,0.04083500000000000226679786058,-2.26679786058E-18,0.040835,0.04083500,0E-8,0E-8,0.0,0.5461743137127653
7.740835,0.04083500000000000226679786058,-2.26679786058E-18,0.040835,0.04083500,0E-8,0E-8,0.0,0.5461743137127653
7.840835,0.04083538750000000226681937115,-3.8750000000226681937115E-7,0.040835,0.04083500,0E-8,0E-8,0.0,0.5461743137127653
7.940835,0.04083577500000000226684088172,-7.7500000000226684088172E-7,0.040835,0.04083500,0E-8,0E-8,0.0,0.5461743137127653
8.040835,0.04083616250000000226686239229,-0.00000116250000000226686239229,0.040835,0.04083500,0E-8,0E-8,0.0,0.5461743137127653
8.140835,0.04083655000000000226688390286,-0.00000155000000000226688390286,0.040835,0.04083500,0E-8,0E-8,0.0,0.5461743137127653
8.240835,0.04083655000000000226688390286,-0.00000155000000000226688390286,0.040835,0.04083500,0E-8,0E-8,0.0,0.5461743137127653
8.340835,0.04083655000000000226688390286,-0.00000155000000000226688390286,0.040835,0.04083500,0E-8,0E-8,0.0,0.5461743137127653
8.440835,0.04083655000000000226688390286,-0.00000155000000000226688390286,0.040835,0.04083500,0E-8,0E-8,0.0,0.5461743137127653
8.540835,0.04083655000000000226688390286,-0.00000155000000000226688390286,0.040835,0.04083500,0E-8,0E-8,0.0,0.5461743137127653
8.640835,0.04083655000000000226688390286,-0.00000155000000000226688390286,0.040835,0.04083500,0E-8,0E-8,0.0,0.5461743137127653
8.740835,0.04083655000000000226688390286,0.00000619999999999773311609714,0.040835,0.04084275,0.00000775,0.00000775,0.0,0.5461743137127653
8.840866,0.04083655000000000226688390286,0.00000619999999999773311609714,0.040866,0.04084275,0E-8,-0.00000775,0.0,0.5450777202072539
8.940835,0.04083655000000000226688390286,0.00000619999999999773311609714,0.040835,0.04084275,0E-8,0E-8,0.0,0.5461743137127653
9.040835,0.04083655000000000226688390286,0.00000619999999999773311609714,0.040835,0.04084275,0E-8,0E-8,0.0,0.5461743137127653
9.140835,0.04083655000000000226688390286,-0.00000155000000000226688390286,0.040835,0.04083500,-0.00000775,-0.00000775,0.0,0.5461743137127653
9.240835,0.04083655000000000226688390286,-0.00000155000000000226688390286,0.040835,0.04083500,0E-8,0.00000775,0.0,0.5461743137127653
9.340835,0.04083655000000000226688390286,-0.00000155000000000226688390286,0.040835,0.04083500,0E-8,0E-8,0.0,0.5461743137127653
9.440835,0.04083655000000000226688390286,-0.00000155000000000226688390286,0.040835,0.04083500,0E-8,0E-8,0.0,0.5461743137127653
9.540835,0.04083655000000000226688390286,-0.00000155000000000226688390286,0.040835,0.04083500,0E-8,0E-8,0.0,0.5461743137127653
